--------
19:41:15 Mouse is enabled, moving 1 pixels 
19:41:15 Random timing is enabled.
--------
19:41:15 User activity detected
19:41:15 Delay: 10
--------
19:41:25 Idle detection
19:41:25 Moved mouse to:  (2354, 1093)
19:41:25 Delay: 4
--------
19:41:29 Idle detection
19:41:29 Moved mouse to:  (2355, 1094)
19:41:29 Delay: 9
--------
19:41:38 Idle detection
19:41:38 Moved mouse to:  (2356, 1095)
19:41:38 Delay: 8
--------
19:41:46 Idle detection
19:41:46 Moved mouse to:  (2357, 1096)
19:41:46 Delay: 10
--------
19:41:56 Idle detection
19:41:56 Moved mouse to:  (2358, 1097)
19:41:56 Delay: 6
--------
19:42:02 Idle detection
19:42:02 Moved mouse to:  (2359, 1098)
19:42:02 Delay: 5
--------
19:42:07 Idle detection
19:42:07 Moved mouse to:  (2360, 1099)
19:42:07 Delay: 10
--------
19:42:17 Idle detection
19:42:17 Moved mouse to:  (2361, 1100)
19:42:17 Delay: 9
--------
19:42:26 Idle detection
19:42:26 Moved mouse to:  (2362, 1101)
19:42:26 Delay: 6
--------
19:42:32 Idle detection
19:42:32 Moved mouse to:  (2363, 1102)
19:42:32 Delay: 8
--------
19:42:40 Idle detection
19:42:40 Moved mouse to:  (2364, 1103)
19:42:40 Delay: 4
--------
19:42:44 Idle detection
19:42:44 Moved mouse to:  (2365, 1104)
19:42:44 Delay: 4
--------
19:42:48 Idle detection
19:42:48 Moved mouse to:  (2366, 1105)
19:42:48 Delay: 5
--------
19:42:53 Idle detection
19:42:53 Moved mouse to:  (2367, 1106)
19:42:53 Delay: 9
--------
19:43:02 Idle detection
19:43:02 Moved mouse to:  (2368, 1107)
19:43:02 Delay: 5
--------
19:43:07 Idle detection
19:43:07 Moved mouse to:  (2369, 1108)
19:43:07 Delay: 8
--------
19:43:15 Idle detection
19:43:15 Moved mouse to:  (2370, 1109)
19:43:15 Delay: 9
--------
19:43:24 Idle detection
19:43:24 Moved mouse to:  (2371, 1110)
19:43:24 Delay: 10
--------
19:43:34 Idle detection
19:43:34 Moved mouse to:  (2372, 1111)
19:43:34 Delay: 5
--------
19:43:39 Idle detection
19:43:39 Moved mouse to:  (2373, 1112)
19:43:39 Delay: 8
--------
19:43:47 Idle detection
19:43:47 Moved mouse to:  (2374, 1113)
19:43:47 Delay: 7
--------
19:43:54 Idle detection
19:43:54 Moved mouse to:  (2375, 1114)
19:43:54 Delay: 5
--------
19:43:59 Idle detection
19:43:59 Moved mouse to:  (2376, 1115)
19:43:59 Delay: 8
--------
19:44:07 Idle detection
19:44:07 Moved mouse to:  (2377, 1116)
19:44:07 Delay: 9
--------
19:44:16 Idle detection
19:44:16 Moved mouse to:  (2378, 1117)
19:44:16 Delay: 8
--------
19:44:24 Idle detection
19:44:24 Moved mouse to:  (2379, 1118)
19:44:24 Delay: 6
--------
19:44:30 Idle detection
19:44:30 Moved mouse to:  (2380, 1119)
19:44:30 Delay: 9
--------
19:44:39 Idle detection
19:44:39 Moved mouse to:  (2381, 1120)
19:44:39 Delay: 4
--------
19:44:43 Idle detection
19:44:43 Moved mouse to:  (2382, 1121)
19:44:43 Delay: 8
--------
19:44:51 Idle detection
19:44:51 Moved mouse to:  (2383, 1122)
19:44:51 Delay: 9
--------
19:45:00 Idle detection
19:45:00 Moved mouse to:  (2384, 1123)
19:45:00 Delay: 7
--------
19:45:07 Idle detection
19:45:07 Moved mouse to:  (2385, 1124)
19:45:07 Delay: 4
--------
19:45:11 Idle detection
19:45:11 Moved mouse to:  (2386, 1125)
19:45:11 Delay: 10
--------
19:45:21 Idle detection
19:45:21 Moved mouse to:  (2387, 1126)
19:45:21 Delay: 10
--------
19:45:31 Idle detection
19:45:31 Moved mouse to:  (2388, 1127)
19:45:31 Delay: 9
--------
19:45:40 Idle detection
19:45:40 Moved mouse to:  (2389, 1128)
19:45:40 Delay: 4
--------
19:45:44 Idle detection
19:45:44 Moved mouse to:  (2390, 1129)
19:45:44 Delay: 10
--------
19:45:54 Idle detection
19:45:54 Moved mouse to:  (2391, 1130)
19:45:54 Delay: 7
--------
19:46:01 Idle detection
19:46:01 Moved mouse to:  (2392, 1131)
19:46:01 Delay: 5
--------
19:46:06 Idle detection
19:46:06 Moved mouse to:  (2393, 1132)
19:46:06 Delay: 9
--------
19:46:15 Idle detection
19:46:15 Moved mouse to:  (2394, 1133)
19:46:15 Delay: 5
--------
19:46:20 Idle detection
19:46:20 Moved mouse to:  (2395, 1134)
19:46:20 Delay: 4
--------
19:46:24 Idle detection
19:46:24 Moved mouse to:  (2396, 1135)
19:46:24 Delay: 9
--------
19:46:33 Idle detection
19:46:33 Moved mouse to:  (2397, 1136)
19:46:33 Delay: 4
--------
19:46:37 Idle detection
19:46:37 Moved mouse to:  (2398, 1137)
19:46:37 Delay: 6
--------
19:46:43 Idle detection
19:46:43 Moved mouse to:  (2399, 1138)
19:46:43 Delay: 8
--------
19:46:51 Idle detection
19:46:51 Moved mouse to:  (2400, 1139)
19:46:51 Delay: 8
--------
19:46:59 Idle detection
19:46:59 Moved mouse to:  (2401, 1140)
19:46:59 Delay: 9
--------
19:47:08 Idle detection
19:47:08 Moved mouse to:  (2402, 1141)
19:47:08 Delay: 9
--------
19:47:17 Idle detection
19:47:17 Moved mouse to:  (2403, 1142)
19:47:17 Delay: 4
--------
19:47:21 Idle detection
19:47:21 Moved mouse to:  (2404, 1143)
19:47:21 Delay: 4
--------
19:47:25 Idle detection
19:47:25 Moved mouse to:  (2405, 1144)
19:47:25 Delay: 9
--------
19:47:34 Idle detection
19:47:34 Moved mouse to:  (2406, 1145)
19:47:34 Delay: 9
--------
19:47:43 Idle detection
19:47:43 Moved mouse to:  (2407, 1146)
19:47:43 Delay: 5
--------
19:47:48 Idle detection
19:47:48 Moved mouse to:  (2408, 1147)
19:47:48 Delay: 7
--------
19:47:55 Idle detection
19:47:55 Moved mouse to:  (2409, 1148)
19:47:55 Delay: 7
--------
19:48:02 Idle detection
19:48:02 Moved mouse to:  (2410, 1149)
19:48:02 Delay: 4
--------
19:48:07 Idle detection
19:48:07 Moved mouse to:  (2411, 1150)
19:48:07 Delay: 10
--------
19:48:17 Idle detection
19:48:17 Moved mouse to:  (2412, 1151)
19:48:17 Delay: 7
--------
19:48:24 Idle detection
19:48:24 Moved mouse to:  (2413, 1152)
19:48:24 Delay: 10
--------
19:48:34 Idle detection
19:48:34 Moved mouse to:  (2414, 1153)
19:48:34 Delay: 4
--------
19:48:38 Idle detection
19:48:38 Moved mouse to:  (2415, 1154)
19:48:38 Delay: 5
--------
19:48:43 Idle detection
19:48:43 Moved mouse to:  (2416, 1155)
19:48:43 Delay: 8
--------
19:48:51 Idle detection
19:48:51 Moved mouse to:  (2417, 1156)
19:48:51 Delay: 10
--------
19:49:01 Idle detection
19:49:01 Moved mouse to:  (2418, 1157)
19:49:01 Delay: 6
--------
19:49:07 Idle detection
19:49:07 Moved mouse to:  (2419, 1158)
19:49:07 Delay: 5
--------
19:49:12 Idle detection
19:49:12 Moved mouse to:  (2420, 1159)
19:49:12 Delay: 10
--------
19:49:22 Idle detection
19:49:22 Moved mouse to:  (2421, 1160)
19:49:22 Delay: 7
--------
19:49:29 Idle detection
19:49:29 Moved mouse to:  (2422, 1161)
19:49:29 Delay: 8
--------
19:49:37 Idle detection
19:49:37 Moved mouse to:  (2423, 1162)
19:49:37 Delay: 9
--------
19:49:46 Idle detection
19:49:46 Moved mouse to:  (2424, 1163)
19:49:46 Delay: 6
--------
19:49:52 Idle detection
19:49:52 Moved mouse to:  (2425, 1164)
19:49:52 Delay: 9
--------
19:50:01 Idle detection
19:50:01 Moved mouse to:  (2426, 1165)
19:50:01 Delay: 8
--------
19:50:09 Idle detection
19:50:09 Moved mouse to:  (2427, 1166)
19:50:09 Delay: 9
--------
19:50:18 Idle detection
19:50:18 Moved mouse to:  (2428, 1167)
19:50:18 Delay: 8
--------
19:50:26 Idle detection
19:50:26 Moved mouse to:  (2429, 1168)
19:50:26 Delay: 10
--------
19:50:36 Idle detection
19:50:36 Moved mouse to:  (2430, 1169)
19:50:36 Delay: 4
--------
19:50:40 Idle detection
19:50:40 Moved mouse to:  (2431, 1170)
19:50:40 Delay: 10
--------
19:50:50 Idle detection
19:50:50 Moved mouse to:  (2432, 1171)
19:50:50 Delay: 6
--------
19:50:56 Idle detection
19:50:56 Moved mouse to:  (2433, 1172)
19:50:56 Delay: 5
--------
19:51:01 Idle detection
19:51:01 Moved mouse to:  (2434, 1173)
19:51:01 Delay: 6
--------
19:51:07 Idle detection
19:51:07 Moved mouse to:  (2435, 1174)
19:51:07 Delay: 9
--------
19:51:16 Idle detection
19:51:16 Moved mouse to:  (2436, 1175)
19:51:16 Delay: 7
--------
19:51:23 Idle detection
19:51:23 Moved mouse to:  (2437, 1176)
19:51:23 Delay: 6
--------
19:51:29 Idle detection
19:51:29 Moved mouse to:  (2438, 1177)
19:51:29 Delay: 6
--------
19:51:35 Idle detection
19:51:35 Moved mouse to:  (2439, 1178)
19:51:35 Delay: 6
--------
19:51:41 Idle detection
19:51:41 Moved mouse to:  (2440, 1179)
19:51:41 Delay: 8
--------
19:51:49 Idle detection
19:51:49 Moved mouse to:  (2441, 1180)
19:51:49 Delay: 5
--------
19:51:54 Idle detection
19:51:54 Moved mouse to:  (2442, 1181)
19:51:54 Delay: 6
--------
19:52:00 Idle detection
19:52:00 Moved mouse to:  (2443, 1182)
19:52:00 Delay: 10
--------
19:52:10 Idle detection
19:52:10 Moved mouse to:  (2444, 1183)
19:52:10 Delay: 8
--------
19:52:18 Idle detection
19:52:18 Moved mouse to:  (2445, 1184)
19:52:18 Delay: 7
--------
19:52:25 Idle detection
19:52:25 Moved mouse to:  (2446, 1185)
19:52:25 Delay: 6
--------
19:52:31 Idle detection
19:52:31 Moved mouse to:  (2447, 1186)
19:52:31 Delay: 9
--------
19:52:40 Idle detection
19:52:40 Moved mouse to:  (2448, 1187)
19:52:40 Delay: 6
--------
19:52:46 Idle detection
19:52:46 Moved mouse to:  (2449, 1188)
19:52:46 Delay: 7
--------
19:52:53 Idle detection
19:52:53 Moved mouse to:  (2450, 1189)
19:52:53 Delay: 6
--------
19:52:59 Idle detection
19:52:59 Moved mouse to:  (2451, 1190)
19:52:59 Delay: 8
--------
19:53:07 Idle detection
19:53:07 Moved mouse to:  (2452, 1191)
19:53:07 Delay: 9
--------
19:53:16 Idle detection
19:53:16 Moved mouse to:  (2453, 1192)
19:53:16 Delay: 9
--------
19:53:25 Idle detection
19:53:25 Moved mouse to:  (2454, 1193)
19:53:25 Delay: 5
--------
19:53:30 Idle detection
19:53:30 Moved mouse to:  (2455, 1194)
19:53:30 Delay: 9
--------
19:53:39 Idle detection
19:53:39 Moved mouse to:  (2456, 1195)
19:53:39 Delay: 7
--------
19:53:46 Idle detection
19:53:46 Moved mouse to:  (2457, 1196)
19:53:46 Delay: 10
--------
19:53:56 Idle detection
19:53:56 Moved mouse to:  (2458, 1197)
19:53:56 Delay: 5
--------
19:54:01 Idle detection
19:54:01 Moved mouse to:  (2459, 1198)
19:54:01 Delay: 9
--------
19:54:10 Idle detection
19:54:10 Moved mouse to:  (2460, 1199)
19:54:10 Delay: 6
--------
19:54:16 Idle detection
19:54:16 Moved mouse to:  (2461, 1200)
19:54:16 Delay: 5
--------
19:54:21 Idle detection
19:54:21 Moved mouse to:  (2462, 1201)
19:54:21 Delay: 7
--------
19:54:28 Idle detection
19:54:28 Moved mouse to:  (2463, 1202)
19:54:28 Delay: 9
--------
19:54:37 Idle detection
19:54:37 Moved mouse to:  (2464, 1203)
19:54:37 Delay: 6
--------
19:54:43 Idle detection
19:54:43 Moved mouse to:  (2465, 1204)
19:54:43 Delay: 8
--------
19:54:51 Idle detection
19:54:51 Moved mouse to:  (2466, 1205)
19:54:51 Delay: 8
--------
19:54:59 Idle detection
19:54:59 Moved mouse to:  (2467, 1206)
19:54:59 Delay: 10
--------
19:55:09 Idle detection
19:55:09 Moved mouse to:  (2468, 1207)
19:55:09 Delay: 10
--------
19:55:19 Idle detection
19:55:19 Moved mouse to:  (2469, 1208)
19:55:19 Delay: 5
--------
19:55:24 Idle detection
19:55:24 Moved mouse to:  (2470, 1209)
19:55:24 Delay: 7
--------
19:55:31 Idle detection
19:55:31 Moved mouse to:  (2471, 1210)
19:55:31 Delay: 5
--------
19:55:36 Idle detection
19:55:36 Moved mouse to:  (2472, 1211)
19:55:36 Delay: 8
--------
19:55:44 Idle detection
19:55:44 Moved mouse to:  (2473, 1212)
19:55:44 Delay: 5
--------
19:55:49 Idle detection
19:55:49 Moved mouse to:  (2474, 1213)
19:55:49 Delay: 5
--------
19:55:54 Idle detection
19:55:54 Moved mouse to:  (2475, 1214)
19:55:54 Delay: 8
--------
19:56:02 Idle detection
19:56:02 Moved mouse to:  (2476, 1215)
19:56:02 Delay: 5
--------
19:56:07 Idle detection
19:56:07 Moved mouse to:  (2477, 1216)
19:56:07 Delay: 7
--------
19:56:14 Idle detection
19:56:14 Moved mouse to:  (2478, 1217)
19:56:14 Delay: 7
--------
19:56:21 Idle detection
19:56:21 Moved mouse to:  (2479, 1218)
19:56:21 Delay: 9
--------
19:56:30 Idle detection
19:56:30 Moved mouse to:  (2480, 1219)
19:56:30 Delay: 6
--------
19:56:36 Idle detection
19:56:36 Moved mouse to:  (2481, 1220)
19:56:36 Delay: 7
--------
19:56:43 Idle detection
19:56:43 Moved mouse to:  (2482, 1221)
19:56:43 Delay: 5
--------
19:56:48 Idle detection
19:56:48 Moved mouse to:  (2483, 1222)
19:56:48 Delay: 6
--------
19:56:54 Idle detection
19:56:54 Moved mouse to:  (2484, 1223)
19:56:54 Delay: 10
--------
19:57:04 Idle detection
19:57:04 Moved mouse to:  (2485, 1224)
19:57:04 Delay: 5
--------
19:57:09 Idle detection
19:57:09 Moved mouse to:  (2486, 1225)
19:57:09 Delay: 10
--------
19:57:19 Idle detection
19:57:19 Moved mouse to:  (2487, 1226)
19:57:19 Delay: 8
--------
19:57:27 Idle detection
19:57:27 Moved mouse to:  (2488, 1227)
19:57:27 Delay: 10
--------
19:57:37 Idle detection
19:57:37 Moved mouse to:  (2489, 1228)
19:57:37 Delay: 4
--------
19:57:41 Idle detection
19:57:41 Moved mouse to:  (2490, 1229)
19:57:41 Delay: 9
--------
19:57:50 Idle detection
19:57:50 Moved mouse to:  (2491, 1230)
19:57:50 Delay: 7
--------
19:57:57 Idle detection
19:57:57 Moved mouse to:  (2492, 1231)
19:57:57 Delay: 5
--------
19:58:02 Idle detection
19:58:02 Moved mouse to:  (2493, 1232)
19:58:02 Delay: 4
--------
19:58:06 Idle detection
19:58:06 Moved mouse to:  (2494, 1233)
19:58:06 Delay: 9
--------
19:58:15 Idle detection
19:58:15 Moved mouse to:  (2495, 1234)
19:58:15 Delay: 9
--------
19:58:24 Idle detection
19:58:24 Moved mouse to:  (2496, 1235)
19:58:24 Delay: 5
--------
19:58:29 Idle detection
19:58:29 Moved mouse to:  (2497, 1236)
19:58:29 Delay: 5
--------
19:58:34 Idle detection
19:58:34 Moved mouse to:  (2498, 1237)
19:58:34 Delay: 6
--------
19:58:40 Idle detection
19:58:40 Moved mouse to:  (2499, 1238)
19:58:40 Delay: 7
--------
19:58:47 Idle detection
19:58:47 Moved mouse to:  (2500, 1239)
19:58:47 Delay: 8
--------
19:58:56 Idle detection
19:58:56 Moved mouse to:  (2501, 1240)
19:58:56 Delay: 8
--------
19:59:04 Idle detection
19:59:04 Moved mouse to:  (2502, 1241)
19:59:04 Delay: 4
--------
19:59:08 Idle detection
19:59:08 Moved mouse to:  (2503, 1242)
19:59:08 Delay: 8
--------
19:59:16 Idle detection
19:59:16 Moved mouse to:  (2504, 1243)
19:59:16 Delay: 6
--------
19:59:22 Idle detection
19:59:22 Moved mouse to:  (2505, 1244)
19:59:22 Delay: 7
--------
19:59:29 Idle detection
19:59:29 Moved mouse to:  (2506, 1245)
19:59:29 Delay: 6
--------
19:59:35 Idle detection
19:59:35 Moved mouse to:  (2507, 1246)
19:59:35 Delay: 8
--------
19:59:43 Idle detection
19:59:43 Moved mouse to:  (2508, 1247)
19:59:43 Delay: 10
--------
19:59:53 Idle detection
19:59:53 Moved mouse to:  (2509, 1248)
19:59:53 Delay: 10
--------
20:00:03 Idle detection
20:00:03 Moved mouse to:  (2510, 1249)
20:00:03 Delay: 7
--------
20:00:10 Idle detection
20:00:10 Moved mouse to:  (2511, 1250)
20:00:10 Delay: 6
--------
20:00:16 Idle detection
20:00:16 Moved mouse to:  (2512, 1251)
20:00:16 Delay: 5
--------
20:00:21 Idle detection
20:00:21 Moved mouse to:  (2513, 1252)
20:00:21 Delay: 5
--------
20:00:26 Idle detection
20:00:26 Moved mouse to:  (2514, 1253)
20:00:26 Delay: 6
--------
20:00:32 Idle detection
20:00:32 Moved mouse to:  (2515, 1254)
20:00:32 Delay: 5
--------
20:00:37 Idle detection
20:00:37 Moved mouse to:  (2516, 1255)
20:00:37 Delay: 10
--------
20:00:47 Idle detection
20:00:47 Moved mouse to:  (2517, 1256)
20:00:47 Delay: 9
--------
20:00:56 Idle detection
20:00:56 Moved mouse to:  (2518, 1257)
20:00:56 Delay: 4
--------
20:01:00 Idle detection
20:01:00 Moved mouse to:  (2519, 1258)
20:01:00 Delay: 9
--------
20:01:09 Idle detection
20:01:09 Moved mouse to:  (2520, 1259)
20:01:09 Delay: 8
--------
20:01:17 Idle detection
20:01:17 Moved mouse to:  (2521, 1260)
20:01:17 Delay: 5
--------
20:01:22 Idle detection
20:01:22 Moved mouse to:  (2522, 1261)
20:01:22 Delay: 4
--------
20:01:26 Idle detection
20:01:26 Moved mouse to:  (2523, 1262)
20:01:26 Delay: 4
--------
20:01:30 Idle detection
20:01:30 Moved mouse to:  (2524, 1263)
20:01:30 Delay: 6
--------
20:01:36 Idle detection
20:01:36 Moved mouse to:  (2525, 1264)
20:01:36 Delay: 5
--------
20:01:41 Idle detection
20:01:41 Moved mouse to:  (2526, 1265)
20:01:41 Delay: 10
--------
20:01:51 Idle detection
20:01:51 Moved mouse to:  (2527, 1266)
20:01:51 Delay: 6
--------
20:01:57 Idle detection
20:01:57 Moved mouse to:  (2528, 1267)
20:01:57 Delay: 6
--------
20:02:03 Idle detection
20:02:03 Moved mouse to:  (2529, 1268)
20:02:03 Delay: 4
--------
20:02:07 Idle detection
20:02:07 Moved mouse to:  (2530, 1269)
20:02:07 Delay: 8
--------
20:02:15 Idle detection
20:02:15 Moved mouse to:  (2531, 1270)
20:02:15 Delay: 9
--------
20:02:24 Idle detection
20:02:24 Moved mouse to:  (2532, 1271)
20:02:24 Delay: 6
--------
20:02:30 Idle detection
20:02:30 Moved mouse to:  (2533, 1272)
20:02:30 Delay: 10
--------
20:02:40 Idle detection
20:02:40 Moved mouse to:  (2534, 1273)
20:02:40 Delay: 4
--------
20:02:44 Idle detection
20:02:44 Moved mouse to:  (2535, 1274)
20:02:44 Delay: 9
--------
20:02:53 Idle detection
20:02:53 Moved mouse to:  (2536, 1275)
20:02:53 Delay: 6
--------
20:02:59 Idle detection
20:02:59 Moved mouse to:  (2537, 1276)
20:02:59 Delay: 5
--------
20:03:04 Idle detection
20:03:04 Moved mouse to:  (2538, 1277)
20:03:04 Delay: 5
--------
20:03:09 Idle detection
20:03:09 Moved mouse to:  (2539, 1278)
20:03:09 Delay: 4
--------
20:03:13 Idle detection
20:03:13 Moved mouse to:  (2540, 1279)
20:03:13 Delay: 5
--------
20:03:18 Idle detection
20:03:18 Moved mouse to:  (2541, 1280)
20:03:18 Delay: 9
--------
20:03:27 Idle detection
20:03:27 Moved mouse to:  (2542, 1281)
20:03:27 Delay: 9
--------
20:03:36 Idle detection
20:03:36 Moved mouse to:  (2543, 1282)
20:03:36 Delay: 4
--------
20:03:40 Idle detection
20:03:40 Moved mouse to:  (2544, 1283)
20:03:40 Delay: 8
--------
20:03:48 Idle detection
20:03:48 Moved mouse to:  (2545, 1284)
20:03:48 Delay: 10
--------
20:03:58 Idle detection
20:03:58 Moved mouse to:  (2546, 1285)
20:03:58 Delay: 10
--------
20:04:08 Idle detection
20:04:08 Moved mouse to:  (2547, 1286)
20:04:08 Delay: 10
--------
20:04:18 Idle detection
20:04:18 Moved mouse to:  (2548, 1287)
20:04:18 Delay: 9
--------
20:04:27 Idle detection
20:04:27 Moved mouse to:  (2549, 1288)
20:04:27 Delay: 6
--------
20:04:33 Idle detection
20:04:33 Moved mouse to:  (2550, 1289)
20:04:33 Delay: 5
--------
20:04:38 Idle detection
20:04:38 Moved mouse to:  (2551, 1290)
20:04:38 Delay: 4
--------
20:04:42 Idle detection
20:04:42 Moved mouse to:  (2552, 1291)
20:04:42 Delay: 5
--------
20:04:47 Idle detection
20:04:47 Moved mouse to:  (2553, 1292)
20:04:47 Delay: 6
--------
20:04:53 Idle detection
20:04:53 Moved mouse to:  (2554, 1293)
20:04:53 Delay: 10
--------
20:05:03 Idle detection
20:05:03 Moved mouse to:  (2555, 1294)
20:05:03 Delay: 7
--------
20:05:10 Idle detection
20:05:10 Moved mouse to:  (2556, 1295)
20:05:10 Delay: 8
--------
20:05:18 Idle detection
20:05:18 Moved mouse to:  (2557, 1296)
20:05:18 Delay: 9
--------
20:05:27 Idle detection
20:05:27 Moved mouse to:  (2558, 1297)
20:05:27 Delay: 7
--------
20:05:34 Idle detection
20:05:34 Moved mouse to:  (2559, 1298)
20:05:34 Delay: 5
--------
20:05:39 Idle detection
20:05:39 Moved mouse to:  (2560, 1299)
20:05:39 Delay: 6
--------
20:05:45 Idle detection
20:05:45 Moved mouse to:  (2561, 1300)
20:05:45 Delay: 8
--------
20:05:53 Idle detection
20:05:53 Moved mouse to:  (2562, 1301)
20:05:53 Delay: 4
--------
20:05:57 Idle detection
20:05:57 Moved mouse to:  (2563, 1302)
20:05:57 Delay: 7
--------
20:06:04 Idle detection
20:06:04 Moved mouse to:  (2564, 1303)
20:06:04 Delay: 10
--------
20:06:14 Idle detection
20:06:14 Moved mouse to:  (2565, 1304)
20:06:14 Delay: 6
--------
20:06:20 Idle detection
20:06:20 Moved mouse to:  (2566, 1305)
20:06:20 Delay: 6
--------
20:06:26 Idle detection
20:06:26 Moved mouse to:  (2567, 1306)
20:06:26 Delay: 10
--------
20:06:36 Idle detection
20:06:36 Moved mouse to:  (2568, 1307)
20:06:36 Delay: 8
--------
20:06:44 Idle detection
20:06:44 Moved mouse to:  (2569, 1308)
20:06:44 Delay: 4
--------
20:06:48 Idle detection
20:06:48 Moved mouse to:  (2570, 1309)
20:06:48 Delay: 6
--------
20:06:54 Idle detection
20:06:54 Moved mouse to:  (2571, 1310)
20:06:54 Delay: 9
--------
20:07:03 Idle detection
20:07:03 Moved mouse to:  (2572, 1311)
20:07:03 Delay: 5
--------
20:07:08 Idle detection
20:07:08 Moved mouse to:  (2573, 1312)
20:07:08 Delay: 6
--------
20:07:14 Idle detection
20:07:14 Moved mouse to:  (2574, 1313)
20:07:14 Delay: 5
--------
20:07:19 Idle detection
20:07:19 Moved mouse to:  (2575, 1314)
20:07:19 Delay: 10
--------
20:07:29 Idle detection
20:07:29 Moved mouse to:  (2576, 1315)
20:07:29 Delay: 5
--------
20:07:34 Idle detection
20:07:34 Moved mouse to:  (2577, 1316)
20:07:34 Delay: 4
--------
20:07:38 Idle detection
20:07:38 Moved mouse to:  (2578, 1317)
20:07:38 Delay: 5
--------
20:07:43 Idle detection
20:07:43 Moved mouse to:  (2579, 1318)
20:07:43 Delay: 7
--------
20:07:50 Idle detection
20:07:50 Moved mouse to:  (2580, 1319)
20:07:50 Delay: 7
--------
20:07:57 Idle detection
20:07:57 Moved mouse to:  (2581, 1320)
20:07:57 Delay: 6
--------
20:08:03 Idle detection
20:08:03 Moved mouse to:  (2582, 1321)
20:08:03 Delay: 9
--------
20:08:12 Idle detection
20:08:12 Moved mouse to:  (2583, 1322)
20:08:12 Delay: 10
--------
20:08:22 Idle detection
20:08:22 Moved mouse to:  (2584, 1323)
20:08:22 Delay: 7
--------
20:08:29 Idle detection
20:08:29 Moved mouse to:  (2585, 1324)
20:08:29 Delay: 9
--------
20:08:38 Idle detection
20:08:38 Moved mouse to:  (2586, 1325)
20:08:38 Delay: 9
--------
20:08:47 Idle detection
20:08:47 Moved mouse to:  (2587, 1326)
20:08:47 Delay: 9
--------
20:08:56 Idle detection
20:08:56 Moved mouse to:  (2588, 1327)
20:08:56 Delay: 8
--------
20:09:04 Idle detection
20:09:04 Moved mouse to:  (2589, 1328)
20:09:04 Delay: 10
--------
20:09:15 Idle detection
20:09:15 Moved mouse to:  (2590, 1329)
20:09:15 Delay: 6
--------
20:09:21 Idle detection
20:09:21 Moved mouse to:  (2591, 1330)
20:09:21 Delay: 7
--------
20:09:28 Idle detection
20:09:28 Moved mouse to:  (2592, 1331)
20:09:28 Delay: 7
--------
20:09:35 Idle detection
20:09:35 Moved mouse to:  (2593, 1332)
20:09:35 Delay: 5
--------
20:09:40 Idle detection
20:09:40 Moved mouse to:  (2594, 1333)
20:09:40 Delay: 9
--------
20:09:49 Idle detection
20:09:49 Moved mouse to:  (2595, 1334)
20:09:49 Delay: 5
--------
20:09:54 Idle detection
20:09:54 Moved mouse to:  (2596, 1335)
20:09:54 Delay: 8
--------
20:10:02 Idle detection
20:10:02 Moved mouse to:  (2597, 1336)
20:10:02 Delay: 10
--------
20:10:12 Idle detection
20:10:12 Moved mouse to:  (2598, 1337)
20:10:12 Delay: 4
--------
20:10:16 Idle detection
20:10:16 Moved mouse to:  (2599, 1338)
20:10:16 Delay: 6
--------
20:10:22 Idle detection
20:10:22 Moved mouse to:  (2600, 1339)
20:10:22 Delay: 5
--------
20:10:27 Idle detection
20:10:27 Moved mouse to:  (2601, 1340)
20:10:27 Delay: 10
--------
20:10:37 Idle detection
20:10:37 Moved mouse to:  (2602, 1341)
20:10:37 Delay: 7
--------
20:10:44 Idle detection
20:10:44 Moved mouse to:  (2603, 1342)
20:10:44 Delay: 10
--------
20:10:54 Idle detection
20:10:54 Moved mouse to:  (2604, 1343)
20:10:54 Delay: 10
--------
20:11:04 Idle detection
20:11:04 Moved mouse to:  (2605, 1344)
20:11:04 Delay: 8
--------
20:11:12 Idle detection
20:11:12 Moved mouse to:  (2606, 1345)
20:11:12 Delay: 5
--------
20:11:17 Idle detection
20:11:17 Moved mouse to:  (2607, 1346)
20:11:17 Delay: 5
--------
20:11:22 Idle detection
20:11:22 Moved mouse to:  (2608, 1347)
20:11:22 Delay: 8
--------
20:11:30 Idle detection
20:11:30 Moved mouse to:  (2609, 1348)
20:11:30 Delay: 8
--------
20:11:38 Idle detection
20:11:38 Moved mouse to:  (2610, 1349)
20:11:38 Delay: 8
--------
20:11:46 Idle detection
20:11:46 Moved mouse to:  (2611, 1350)
20:11:46 Delay: 4
--------
20:11:50 Idle detection
20:11:50 Moved mouse to:  (2612, 1351)
20:11:50 Delay: 4
--------
20:11:54 Idle detection
20:11:54 Moved mouse to:  (2613, 1352)
20:11:54 Delay: 7
--------
20:12:01 Idle detection
20:12:01 Moved mouse to:  (2614, 1353)
20:12:01 Delay: 9
--------
20:12:10 Idle detection
20:12:10 Moved mouse to:  (2615, 1354)
20:12:10 Delay: 10
--------
20:12:20 Idle detection
20:12:20 Moved mouse to:  (2616, 1355)
20:12:20 Delay: 8
--------
20:12:28 Idle detection
20:12:28 Moved mouse to:  (2617, 1356)
20:12:28 Delay: 4
--------
20:12:32 Idle detection
20:12:32 Moved mouse to:  (2618, 1357)
20:12:32 Delay: 5
--------
20:12:37 Idle detection
20:12:37 Moved mouse to:  (2619, 1358)
20:12:37 Delay: 9
--------
20:12:46 Idle detection
20:12:46 Moved mouse to:  (2620, 1359)
20:12:46 Delay: 10
--------
20:12:56 Idle detection
20:12:56 Moved mouse to:  (2621, 1360)
20:12:56 Delay: 4
--------
20:13:00 Idle detection
20:13:00 Moved mouse to:  (2622, 1361)
20:13:00 Delay: 5
--------
20:13:05 Idle detection
20:13:05 Moved mouse to:  (2623, 1362)
20:13:05 Delay: 10
--------
20:13:15 Idle detection
20:13:15 Moved mouse to:  (2624, 1363)
20:13:15 Delay: 8
--------
20:13:23 Idle detection
20:13:23 Moved mouse to:  (2625, 1364)
20:13:23 Delay: 10
--------
20:13:33 Idle detection
20:13:33 Moved mouse to:  (2626, 1365)
20:13:33 Delay: 7
--------
20:13:40 Idle detection
20:13:40 Moved mouse to:  (2627, 1366)
20:13:40 Delay: 10
--------
20:13:50 Idle detection
20:13:50 Moved mouse to:  (2628, 1367)
20:13:50 Delay: 8
--------
20:13:58 Idle detection
20:13:58 Moved mouse to:  (2629, 1368)
20:13:58 Delay: 10
--------
20:14:08 Idle detection
20:14:08 Moved mouse to:  (2630, 1369)
20:14:08 Delay: 10
--------
20:14:18 Idle detection
20:14:18 Moved mouse to:  (2631, 1370)
20:14:18 Delay: 10
--------
20:14:28 Idle detection
20:14:28 Moved mouse to:  (2632, 1371)
20:14:28 Delay: 9
--------
20:14:37 Idle detection
20:14:37 Moved mouse to:  (2633, 1372)
20:14:37 Delay: 9
--------
20:14:46 Idle detection
20:14:46 Moved mouse to:  (2634, 1373)
20:14:46 Delay: 8
--------
20:14:54 Idle detection
20:14:54 Moved mouse to:  (2635, 1374)
20:14:54 Delay: 10
--------
20:15:04 Idle detection
20:15:04 Moved mouse to:  (2636, 1375)
20:15:04 Delay: 7
--------
20:15:11 Idle detection
20:15:11 Moved mouse to:  (2637, 1376)
20:15:11 Delay: 7
--------
20:15:18 Idle detection
20:15:18 Moved mouse to:  (2638, 1377)
20:15:18 Delay: 8
--------
20:15:26 Idle detection
20:15:26 Moved mouse to:  (2639, 1378)
20:15:26 Delay: 6
--------
20:15:32 Idle detection
20:15:32 Moved mouse to:  (2640, 1379)
20:15:32 Delay: 4
--------
20:15:36 Idle detection
20:15:36 Moved mouse to:  (2641, 1380)
20:15:36 Delay: 9
--------
20:15:45 Idle detection
20:15:45 Moved mouse to:  (2642, 1381)
20:15:45 Delay: 9
--------
20:15:54 Idle detection
20:15:54 Moved mouse to:  (2643, 1382)
20:15:54 Delay: 7
--------
20:16:01 Idle detection
20:16:01 Moved mouse to:  (2644, 1383)
20:16:01 Delay: 8
--------
20:16:09 Idle detection
20:16:09 Moved mouse to:  (2645, 1384)
20:16:09 Delay: 6
--------
20:16:15 Idle detection
20:16:15 Moved mouse to:  (2646, 1385)
20:16:15 Delay: 8
--------
20:16:23 Idle detection
20:16:23 Moved mouse to:  (2647, 1386)
20:16:23 Delay: 4
--------
20:16:27 Idle detection
20:16:27 Moved mouse to:  (2648, 1387)
20:16:27 Delay: 5
--------
20:16:32 Idle detection
20:16:32 Moved mouse to:  (2649, 1388)
20:16:32 Delay: 8
--------
20:16:40 Idle detection
20:16:40 Moved mouse to:  (2650, 1389)
20:16:40 Delay: 5
--------
20:16:45 Idle detection
20:16:45 Moved mouse to:  (2651, 1390)
20:16:45 Delay: 6
--------
20:16:51 Idle detection
20:16:51 Moved mouse to:  (2652, 1391)
20:16:51 Delay: 10
--------
20:17:01 Idle detection
20:17:01 Moved mouse to:  (2653, 1392)
20:17:01 Delay: 8
--------
20:17:09 Idle detection
20:17:09 Moved mouse to:  (2654, 1393)
20:17:09 Delay: 10
--------
20:17:19 Idle detection
20:17:19 Moved mouse to:  (2655, 1394)
20:17:19 Delay: 6
--------
20:17:25 Idle detection
20:17:25 Moved mouse to:  (2656, 1395)
20:17:25 Delay: 6
--------
20:17:31 Idle detection
20:17:31 Moved mouse to:  (2657, 1396)
20:17:31 Delay: 8
--------
20:17:39 Idle detection
20:17:39 Moved mouse to:  (2658, 1397)
20:17:39 Delay: 6
--------
20:17:45 Idle detection
20:17:45 Moved mouse to:  (2659, 1398)
20:17:45 Delay: 4
--------
20:17:49 Idle detection
20:17:49 Moved mouse to:  (2660, 1399)
20:17:49 Delay: 8
--------
20:17:57 Idle detection
20:17:57 Moved mouse to:  (2661, 1400)
20:17:57 Delay: 4
--------
20:18:01 Idle detection
20:18:01 Moved mouse to:  (2662, 1401)
20:18:01 Delay: 8
--------
20:18:09 Idle detection
20:18:09 Moved mouse to:  (2663, 1402)
20:18:09 Delay: 9
--------
20:18:18 Idle detection
20:18:18 Moved mouse to:  (2664, 1403)
20:18:18 Delay: 4
--------
20:18:22 Idle detection
20:18:22 Moved mouse to:  (2665, 1404)
20:18:22 Delay: 4
--------
20:18:26 Idle detection
20:18:26 Moved mouse to:  (2666, 1405)
20:18:26 Delay: 4
--------
20:18:30 Idle detection
20:18:30 Moved mouse to:  (2667, 1406)
20:18:30 Delay: 7
--------
20:18:37 Idle detection
20:18:37 Moved mouse to:  (2668, 1407)
20:18:37 Delay: 5
--------
20:18:42 Idle detection
20:18:42 Moved mouse to:  (2669, 1408)
20:18:42 Delay: 9
--------
20:18:51 Idle detection
20:18:51 Moved mouse to:  (2670, 1409)
20:18:51 Delay: 6
--------
20:18:57 Idle detection
20:18:57 Moved mouse to:  (2671, 1410)
20:18:57 Delay: 9
--------
20:19:06 Idle detection
20:19:06 Moved mouse to:  (2672, 1411)
20:19:06 Delay: 7
--------
20:19:13 Idle detection
20:19:13 Moved mouse to:  (2673, 1412)
20:19:13 Delay: 4
--------
20:19:17 Idle detection
20:19:17 Moved mouse to:  (2674, 1413)
20:19:17 Delay: 9
--------
20:19:26 Idle detection
20:19:26 Moved mouse to:  (2675, 1414)
20:19:26 Delay: 8
--------
20:19:34 Idle detection
20:19:34 Moved mouse to:  (2676, 1415)
20:19:34 Delay: 7
--------
20:19:41 Idle detection
20:19:41 Moved mouse to:  (2677, 1416)
20:19:41 Delay: 9
--------
20:19:50 Idle detection
20:19:50 Moved mouse to:  (2678, 1417)
20:19:50 Delay: 5
--------
20:19:55 Idle detection
20:19:55 Moved mouse to:  (2679, 1418)
20:19:55 Delay: 10
--------
20:20:05 Idle detection
20:20:05 Moved mouse to:  (2680, 1419)
20:20:05 Delay: 9
--------
20:20:14 Idle detection
20:20:14 Moved mouse to:  (2681, 1420)
20:20:14 Delay: 5
--------
20:20:19 Idle detection
20:20:19 Moved mouse to:  (2682, 1421)
20:20:19 Delay: 4
--------
20:20:23 Idle detection
20:20:23 Moved mouse to:  (2683, 1422)
20:20:23 Delay: 9
--------
20:20:32 Idle detection
20:20:32 Moved mouse to:  (2684, 1423)
20:20:32 Delay: 5
--------
20:20:38 Idle detection
20:20:38 Moved mouse to:  (2685, 1424)
20:20:38 Delay: 7
--------
20:20:45 Idle detection
20:20:45 Moved mouse to:  (2686, 1425)
20:20:45 Delay: 7
--------
20:20:52 Idle detection
20:20:52 Moved mouse to:  (2687, 1426)
20:20:52 Delay: 8
--------
20:21:00 Idle detection
20:21:00 Moved mouse to:  (2688, 1427)
20:21:00 Delay: 7
--------
20:21:07 Idle detection
20:21:07 Moved mouse to:  (2689, 1428)
20:21:07 Delay: 4
--------
20:21:11 Idle detection
20:21:11 Moved mouse to:  (2690, 1429)
20:21:11 Delay: 10
--------
20:21:21 Idle detection
20:21:21 Moved mouse to:  (2691, 1430)
20:21:21 Delay: 10
--------
20:21:31 Idle detection
20:21:31 Moved mouse to:  (2692, 1431)
20:21:31 Delay: 4
--------
20:21:35 Idle detection
20:21:35 Moved mouse to:  (2693, 1432)
20:21:35 Delay: 6
--------
20:21:41 Idle detection
20:21:41 Moved mouse to:  (2694, 1433)
20:21:41 Delay: 8
--------
20:21:49 Idle detection
20:21:49 Moved mouse to:  (2695, 1434)
20:21:49 Delay: 7
--------
20:21:56 Idle detection
20:21:56 Moved mouse to:  (2696, 1435)
20:21:56 Delay: 9
--------
20:22:05 Idle detection
20:22:05 Moved mouse to:  (2697, 1436)
20:22:05 Delay: 10
--------
20:22:15 Idle detection
20:22:15 Moved mouse to:  (2698, 1437)
20:22:15 Delay: 5
--------
20:22:20 Idle detection
20:22:20 Moved mouse to:  (2699, 1438)
20:22:20 Delay: 4
--------
20:22:24 Idle detection
20:22:24 Moved mouse to:  (2700, 1439)
20:22:24 Delay: 4
--------
20:22:28 Idle detection
20:22:28 Moved mouse to:  (2701, 1440)
20:22:28 Delay: 9
--------
20:22:37 Idle detection
20:22:37 Moved mouse to:  (2702, 1441)
20:22:37 Delay: 4
--------
20:22:41 Idle detection
20:22:41 Moved mouse to:  (2703, 1442)
20:22:41 Delay: 8
--------
20:22:49 Idle detection
20:22:49 Moved mouse to:  (2704, 1443)
20:22:49 Delay: 5
--------
20:22:54 Idle detection
20:22:54 Moved mouse to:  (2705, 1444)
20:22:54 Delay: 4
--------
20:22:58 Idle detection
20:22:58 Moved mouse to:  (2706, 1445)
20:22:58 Delay: 7
--------
20:23:05 Idle detection
20:23:05 Moved mouse to:  (2707, 1446)
20:23:05 Delay: 7
--------
20:23:12 Idle detection
20:23:12 Moved mouse to:  (2708, 1447)
20:23:12 Delay: 9
--------
20:23:21 Idle detection
20:23:21 Moved mouse to:  (2709, 1448)
20:23:21 Delay: 5
--------
20:23:26 Idle detection
20:23:26 Moved mouse to:  (2710, 1449)
20:23:26 Delay: 8
--------
20:23:34 Idle detection
20:23:34 Moved mouse to:  (2711, 1450)
20:23:34 Delay: 8
--------
20:23:42 Idle detection
20:23:42 Moved mouse to:  (2712, 1451)
20:23:42 Delay: 9
--------
20:23:51 Idle detection
20:23:51 Moved mouse to:  (2713, 1452)
20:23:51 Delay: 6
--------
20:23:57 Idle detection
20:23:57 Moved mouse to:  (2714, 1453)
20:23:57 Delay: 7
--------
20:24:04 Idle detection
20:24:04 Moved mouse to:  (2715, 1454)
20:24:04 Delay: 4
--------
20:24:08 Idle detection
20:24:08 Moved mouse to:  (2716, 1455)
20:24:08 Delay: 5
--------
20:24:13 Idle detection
20:24:13 Moved mouse to:  (2717, 1456)
20:24:13 Delay: 6
--------
20:24:19 Idle detection
20:24:19 Moved mouse to:  (2718, 1457)
20:24:19 Delay: 6
--------
20:24:25 Idle detection
20:24:25 Moved mouse to:  (2719, 1458)
20:24:25 Delay: 6
--------
20:24:31 Idle detection
20:24:31 Moved mouse to:  (2720, 1459)
20:24:31 Delay: 7
--------
20:24:38 Idle detection
20:24:38 Moved mouse to:  (2721, 1460)
20:24:38 Delay: 6
--------
20:24:44 Idle detection
20:24:44 Moved mouse to:  (2722, 1461)
20:24:44 Delay: 7
--------
20:24:51 Idle detection
20:24:51 Moved mouse to:  (2723, 1462)
20:24:51 Delay: 7
--------
20:24:58 Idle detection
20:24:58 Moved mouse to:  (2724, 1463)
20:24:58 Delay: 10
--------
20:25:08 Idle detection
20:25:08 Moved mouse to:  (2725, 1464)
20:25:08 Delay: 7
--------
20:25:15 Idle detection
20:25:15 Moved mouse to:  (2726, 1465)
20:25:15 Delay: 10
--------
20:25:25 Idle detection
20:25:25 Moved mouse to:  (2727, 1466)
20:25:25 Delay: 7
--------
20:25:32 Idle detection
20:25:32 Moved mouse to:  (2728, 1467)
20:25:32 Delay: 9
--------
20:25:41 Idle detection
20:25:41 Moved mouse to:  (2729, 1468)
20:25:41 Delay: 8
--------
20:25:49 Idle detection
20:25:49 Moved mouse to:  (2730, 1469)
20:25:49 Delay: 5
--------
20:25:54 Idle detection
20:25:54 Moved mouse to:  (2731, 1470)
20:25:54 Delay: 8
--------
20:26:02 Idle detection
20:26:02 Moved mouse to:  (2732, 1471)
20:26:02 Delay: 8
--------
20:26:10 Idle detection
20:26:10 Moved mouse to:  (2733, 1472)
20:26:10 Delay: 5
--------
20:26:15 Idle detection
20:26:15 Moved mouse to:  (2734, 1473)
20:26:15 Delay: 6
--------
20:26:21 Idle detection
20:26:21 Moved mouse to:  (2735, 1474)
20:26:21 Delay: 10
--------
20:26:31 Idle detection
20:26:31 Moved mouse to:  (2736, 1475)
20:26:31 Delay: 9
--------
20:26:40 Idle detection
20:26:40 Moved mouse to:  (2737, 1476)
20:26:40 Delay: 8
--------
20:26:48 Idle detection
20:26:48 Moved mouse to:  (2738, 1477)
20:26:48 Delay: 8
--------
20:26:56 Idle detection
20:26:56 Moved mouse to:  (2739, 1478)
20:26:56 Delay: 7
--------
20:27:03 Idle detection
20:27:03 Moved mouse to:  (2740, 1479)
20:27:03 Delay: 9
--------
20:27:12 Idle detection
20:27:12 Moved mouse to:  (2741, 1480)
20:27:12 Delay: 6
--------
20:27:18 Idle detection
20:27:18 Moved mouse to:  (2742, 1481)
20:27:18 Delay: 8
--------
20:27:26 Idle detection
20:27:26 Moved mouse to:  (2743, 1482)
20:27:26 Delay: 5
--------
20:27:31 Idle detection
20:27:31 Moved mouse to:  (2744, 1483)
20:27:31 Delay: 6
--------
20:27:37 Idle detection
20:27:37 Moved mouse to:  (2745, 1484)
20:27:37 Delay: 8
--------
20:27:45 Idle detection
20:27:45 Moved mouse to:  (2746, 1485)
20:27:45 Delay: 5
--------
20:27:50 Idle detection
20:27:50 Moved mouse to:  (2747, 1486)
20:27:50 Delay: 6
--------
20:27:56 Idle detection
20:27:56 Moved mouse to:  (2748, 1487)
20:27:56 Delay: 10
--------
20:28:06 Idle detection
20:28:06 Moved mouse to:  (2749, 1488)
20:28:06 Delay: 10
--------
20:28:16 Idle detection
20:28:16 Moved mouse to:  (2750, 1489)
20:28:16 Delay: 10
--------
20:28:26 Idle detection
20:28:26 Moved mouse to:  (2751, 1490)
20:28:26 Delay: 9
--------
20:28:35 Idle detection
20:28:35 Moved mouse to:  (2752, 1491)
20:28:35 Delay: 4
--------
20:28:39 Idle detection
20:28:39 Moved mouse to:  (2753, 1492)
20:28:39 Delay: 7
--------
20:28:46 Idle detection
20:28:46 Moved mouse to:  (2754, 1493)
20:28:46 Delay: 9
--------
20:28:55 Idle detection
20:28:55 Moved mouse to:  (2755, 1494)
20:28:55 Delay: 8
--------
20:29:03 Idle detection
20:29:03 Moved mouse to:  (2756, 1495)
20:29:03 Delay: 9
--------
20:29:12 Idle detection
20:29:12 Moved mouse to:  (2757, 1496)
20:29:12 Delay: 5
--------
20:29:17 Idle detection
20:29:17 Moved mouse to:  (2758, 1497)
20:29:17 Delay: 4
--------
20:29:21 Idle detection
20:29:21 Moved mouse to:  (2759, 1498)
20:29:21 Delay: 9
--------
20:29:30 Idle detection
20:29:30 Moved mouse to:  (2760, 1499)
20:29:30 Delay: 7
--------
20:29:37 Idle detection
20:29:37 Moved mouse to:  (2761, 1500)
20:29:37 Delay: 9
--------
20:29:46 Idle detection
20:29:46 Moved mouse to:  (2762, 1501)
20:29:46 Delay: 6
--------
20:29:52 Idle detection
20:29:52 Moved mouse to:  (2763, 1502)
20:29:52 Delay: 10
--------
20:30:02 Idle detection
20:30:02 Moved mouse to:  (2764, 1503)
20:30:02 Delay: 9
--------
20:30:11 Idle detection
20:30:11 Moved mouse to:  (2765, 1504)
20:30:11 Delay: 9
--------
20:30:20 Idle detection
20:30:20 Moved mouse to:  (2766, 1505)
20:30:20 Delay: 7
--------
20:30:27 Idle detection
20:30:27 Moved mouse to:  (2767, 1506)
20:30:27 Delay: 4
--------
20:30:31 Idle detection
20:30:31 Moved mouse to:  (2768, 1507)
20:30:31 Delay: 8
--------
20:30:39 Idle detection
20:30:39 Moved mouse to:  (2769, 1508)
20:30:39 Delay: 9
--------
20:30:48 Idle detection
20:30:48 Moved mouse to:  (2770, 1509)
20:30:48 Delay: 8
--------
20:30:56 Idle detection
20:30:56 Moved mouse to:  (2771, 1510)
20:30:56 Delay: 9
--------
20:31:05 Idle detection
20:31:05 Moved mouse to:  (2772, 1511)
20:31:05 Delay: 10
--------
20:31:15 Idle detection
20:31:15 Moved mouse to:  (2773, 1512)
20:31:15 Delay: 4
--------
20:31:19 Idle detection
20:31:19 Moved mouse to:  (2774, 1513)
20:31:20 Delay: 10
--------
20:31:30 Idle detection
20:31:30 Moved mouse to:  (2775, 1514)
20:31:30 Delay: 6
--------
20:31:36 Idle detection
20:31:36 Moved mouse to:  (2776, 1515)
20:31:36 Delay: 8
--------
20:31:44 Idle detection
20:31:44 Moved mouse to:  (2777, 1516)
20:31:44 Delay: 10
--------
20:31:54 Idle detection
20:31:54 Moved mouse to:  (2778, 1517)
20:31:54 Delay: 6
--------
20:32:00 Idle detection
20:32:00 Moved mouse to:  (2779, 1518)
20:32:00 Delay: 7
--------
20:32:07 Idle detection
20:32:07 Moved mouse to:  (2780, 1519)
20:32:07 Delay: 10
--------
20:32:17 Idle detection
20:32:17 Moved mouse to:  (2781, 1520)
20:32:17 Delay: 4
--------
20:32:21 Idle detection
20:32:21 Moved mouse to:  (2782, 1521)
20:32:21 Delay: 9
--------
20:32:30 Idle detection
20:32:30 Moved mouse to:  (2783, 1522)
20:32:30 Delay: 5
--------
20:32:35 Idle detection
20:32:35 Moved mouse to:  (2784, 1523)
20:32:35 Delay: 10
--------
20:32:45 Idle detection
20:32:45 Moved mouse to:  (2785, 1524)
20:32:45 Delay: 8
--------
20:32:53 Idle detection
20:32:53 Moved mouse to:  (2786, 1525)
20:32:53 Delay: 6
--------
20:32:59 Idle detection
20:32:59 Moved mouse to:  (2787, 1526)
20:32:59 Delay: 9
--------
20:33:08 Idle detection
20:33:08 Moved mouse to:  (2788, 1527)
20:33:08 Delay: 4
--------
20:33:12 Idle detection
20:33:12 Moved mouse to:  (2789, 1528)
20:33:12 Delay: 6
--------
20:33:18 Idle detection
20:33:18 Moved mouse to:  (2790, 1529)
20:33:18 Delay: 5
--------
20:33:23 Idle detection
20:33:23 Moved mouse to:  (2791, 1530)
20:33:23 Delay: 8
--------
20:33:31 Idle detection
20:33:31 Moved mouse to:  (2792, 1531)
20:33:31 Delay: 9
--------
20:33:40 Idle detection
20:33:40 Moved mouse to:  (2793, 1532)
20:33:40 Delay: 5
--------
20:33:45 Idle detection
20:33:45 Moved mouse to:  (2794, 1533)
20:33:45 Delay: 9
--------
20:33:54 Idle detection
20:33:54 Moved mouse to:  (2795, 1534)
20:33:54 Delay: 7
--------
20:34:01 Idle detection
20:34:01 Moved mouse to:  (2796, 1535)
20:34:01 Delay: 6
--------
20:34:07 Idle detection
20:34:07 Moved mouse to:  (2797, 1536)
20:34:07 Delay: 6
--------
20:34:13 Idle detection
20:34:13 Moved mouse to:  (2798, 1537)
20:34:13 Delay: 6
--------
20:34:19 Idle detection
20:34:19 Moved mouse to:  (2799, 1538)
20:34:19 Delay: 8
--------
20:34:27 Idle detection
20:34:27 Moved mouse to:  (2800, 1539)
20:34:27 Delay: 5
--------
20:34:32 Idle detection
20:34:32 Moved mouse to:  (2801, 1540)
20:34:32 Delay: 7
--------
20:34:39 Idle detection
20:34:39 Moved mouse to:  (2802, 1541)
20:34:39 Delay: 6
--------
20:34:45 Idle detection
20:34:45 Moved mouse to:  (2803, 1542)
20:34:45 Delay: 8
--------
20:34:53 Idle detection
20:34:53 Moved mouse to:  (2804, 1543)
20:34:53 Delay: 10
--------
20:35:03 Idle detection
20:35:03 Moved mouse to:  (2805, 1544)
20:35:03 Delay: 7
--------
20:35:10 Idle detection
20:35:10 Moved mouse to:  (2806, 1545)
20:35:10 Delay: 8
--------
20:35:18 Idle detection
20:35:18 Moved mouse to:  (2807, 1546)
20:35:18 Delay: 4
--------
20:35:22 Idle detection
20:35:22 Moved mouse to:  (2808, 1547)
20:35:22 Delay: 5
--------
20:35:27 Idle detection
20:35:27 Moved mouse to:  (2809, 1548)
20:35:27 Delay: 7
--------
20:35:34 Idle detection
20:35:34 Moved mouse to:  (2810, 1549)
20:35:34 Delay: 8
--------
20:35:42 Idle detection
20:35:42 Moved mouse to:  (2811, 1550)
20:35:42 Delay: 8
--------
20:35:50 Idle detection
20:35:50 Moved mouse to:  (2812, 1551)
20:35:50 Delay: 6
--------
20:35:56 Idle detection
20:35:56 Moved mouse to:  (2813, 1552)
20:35:56 Delay: 9
--------
20:36:05 Idle detection
20:36:05 Moved mouse to:  (2814, 1553)
20:36:05 Delay: 5
--------
20:36:10 Idle detection
20:36:10 Moved mouse to:  (2815, 1554)
20:36:10 Delay: 7
--------
20:36:17 Idle detection
20:36:17 Moved mouse to:  (2816, 1555)
20:36:17 Delay: 9
--------
20:36:26 Idle detection
20:36:26 Moved mouse to:  (2817, 1556)
20:36:26 Delay: 9
--------
20:36:35 Idle detection
20:36:35 Moved mouse to:  (2818, 1557)
20:36:35 Delay: 5
--------
20:36:40 Idle detection
20:36:40 Moved mouse to:  (2819, 1558)
20:36:40 Delay: 8
--------
20:36:48 Idle detection
20:36:48 Moved mouse to:  (2820, 1559)
20:36:48 Delay: 10
--------
20:36:58 Idle detection
20:36:58 Moved mouse to:  (2821, 1560)
20:36:58 Delay: 6
--------
20:37:04 Idle detection
20:37:04 Moved mouse to:  (2822, 1561)
20:37:04 Delay: 5
--------
20:37:09 Idle detection
20:37:09 Moved mouse to:  (2823, 1562)
20:37:09 Delay: 8
--------
20:37:17 Idle detection
20:37:17 Moved mouse to:  (2824, 1563)
20:37:17 Delay: 9
--------
20:37:26 Idle detection
20:37:26 Moved mouse to:  (2825, 1564)
20:37:26 Delay: 6
--------
20:37:32 Idle detection
20:37:32 Moved mouse to:  (2826, 1565)
20:37:32 Delay: 10
--------
20:37:42 Idle detection
20:37:42 Moved mouse to:  (2827, 1566)
20:37:42 Delay: 4
--------
20:37:46 Idle detection
20:37:46 Moved mouse to:  (2828, 1567)
20:37:46 Delay: 7
--------
20:37:53 Idle detection
20:37:53 Moved mouse to:  (2829, 1568)
20:37:53 Delay: 8
--------
20:38:01 Idle detection
20:38:01 Moved mouse to:  (2830, 1569)
20:38:01 Delay: 5
--------
20:38:06 Idle detection
20:38:06 Moved mouse to:  (2831, 1570)
20:38:06 Delay: 4
--------
20:38:10 Idle detection
20:38:10 Moved mouse to:  (2832, 1571)
20:38:10 Delay: 8
--------
20:38:18 Idle detection
20:38:18 Moved mouse to:  (2833, 1572)
20:38:18 Delay: 10
--------
20:38:28 Idle detection
20:38:28 Moved mouse to:  (2834, 1573)
20:38:28 Delay: 6
--------
20:38:34 Idle detection
20:38:34 Moved mouse to:  (2835, 1574)
20:38:34 Delay: 6
--------
20:38:40 Idle detection
20:38:40 Moved mouse to:  (2836, 1575)
20:38:40 Delay: 5
--------
20:38:45 Idle detection
20:38:45 Moved mouse to:  (2837, 1576)
20:38:45 Delay: 10
--------
20:38:55 Idle detection
20:38:55 Moved mouse to:  (2838, 1577)
20:38:55 Delay: 7
--------
20:39:02 Idle detection
20:39:02 Moved mouse to:  (2839, 1578)
20:39:02 Delay: 6
--------
20:39:08 Idle detection
20:39:08 Moved mouse to:  (2840, 1579)
20:39:08 Delay: 6
--------
20:39:14 Idle detection
20:39:14 Moved mouse to:  (2841, 1580)
20:39:14 Delay: 7
--------
20:39:21 Idle detection
20:39:21 Moved mouse to:  (2842, 1581)
20:39:21 Delay: 4
--------
20:39:25 Idle detection
20:39:25 Moved mouse to:  (2843, 1582)
20:39:25 Delay: 7
--------
20:39:32 Idle detection
20:39:32 Moved mouse to:  (2844, 1583)
20:39:32 Delay: 8
--------
20:39:40 Idle detection
20:39:40 Moved mouse to:  (2845, 1584)
20:39:40 Delay: 5
--------
20:39:45 Idle detection
20:39:45 Moved mouse to:  (2846, 1585)
20:39:45 Delay: 10
--------
20:39:55 Idle detection
20:39:55 Moved mouse to:  (2847, 1586)
20:39:55 Delay: 8
--------
20:40:03 Idle detection
20:40:03 Moved mouse to:  (2848, 1587)
20:40:03 Delay: 8
--------
20:40:11 Idle detection
20:40:11 Moved mouse to:  (2849, 1588)
20:40:11 Delay: 8
--------
20:40:19 Idle detection
20:40:19 Moved mouse to:  (2850, 1589)
20:40:19 Delay: 5
--------
20:40:24 Idle detection
20:40:24 Moved mouse to:  (2851, 1590)
20:40:24 Delay: 7
--------
20:40:31 Idle detection
20:40:31 Moved mouse to:  (2852, 1591)
20:40:31 Delay: 10
--------
20:40:41 Idle detection
20:40:41 Moved mouse to:  (2853, 1592)
20:40:41 Delay: 8
--------
20:40:49 Idle detection
20:40:49 Moved mouse to:  (2854, 1593)
20:40:49 Delay: 4
--------
20:40:53 Idle detection
20:40:53 Moved mouse to:  (2855, 1594)
20:40:53 Delay: 6
--------
20:40:59 Idle detection
20:40:59 Moved mouse to:  (2856, 1595)
20:40:59 Delay: 9
--------
20:41:08 Idle detection
20:41:08 Moved mouse to:  (2857, 1596)
20:41:08 Delay: 6
--------
20:41:14 Idle detection
20:41:14 Moved mouse to:  (2858, 1597)
20:41:14 Delay: 10
--------
20:41:24 Idle detection
20:41:24 Moved mouse to:  (2859, 1598)
20:41:24 Delay: 10
--------
20:41:34 Idle detection
20:41:34 Moved mouse to:  (2860, 1599)
20:41:34 Delay: 4
--------
20:41:38 Idle detection
20:41:38 Moved mouse to:  (2861, 1600)
20:41:38 Delay: 10
--------
20:41:48 Idle detection
20:41:48 Moved mouse to:  (2862, 1601)
20:41:48 Delay: 5
--------
20:41:53 Idle detection
20:41:53 Moved mouse to:  (2863, 1602)
20:41:53 Delay: 10
--------
20:42:03 Idle detection
20:42:03 Moved mouse to:  (2864, 1603)
20:42:03 Delay: 10
--------
20:42:14 Idle detection
20:42:14 Moved mouse to:  (2865, 1604)
20:42:14 Delay: 9
--------
20:42:23 Idle detection
20:42:23 Moved mouse to:  (2866, 1605)
20:42:23 Delay: 6
--------
20:42:29 Idle detection
20:42:29 Moved mouse to:  (2867, 1606)
20:42:29 Delay: 10
--------
20:42:39 Idle detection
20:42:39 Moved mouse to:  (2868, 1607)
20:42:39 Delay: 5
--------
20:42:44 Idle detection
20:42:44 Moved mouse to:  (2869, 1608)
20:42:44 Delay: 6
--------
20:42:50 Idle detection
20:42:50 Moved mouse to:  (2870, 1609)
20:42:50 Delay: 4
--------
20:42:54 Idle detection
20:42:54 Moved mouse to:  (2871, 1610)
20:42:54 Delay: 7
--------
20:43:01 Idle detection
20:43:01 Moved mouse to:  (2872, 1611)
20:43:01 Delay: 4
--------
20:43:05 Idle detection
20:43:05 Moved mouse to:  (2873, 1612)
20:43:05 Delay: 4
--------
20:43:09 Idle detection
20:43:09 Moved mouse to:  (2874, 1613)
20:43:09 Delay: 7
--------
20:43:16 Idle detection
20:43:16 Moved mouse to:  (2875, 1614)
20:43:16 Delay: 8
--------
20:43:24 Idle detection
20:43:24 Moved mouse to:  (2876, 1615)
20:43:24 Delay: 6
--------
20:43:30 Idle detection
20:43:30 Moved mouse to:  (2877, 1616)
20:43:30 Delay: 8
--------
20:43:38 Idle detection
20:43:38 Moved mouse to:  (2878, 1617)
20:43:38 Delay: 4
--------
20:43:42 Idle detection
20:43:42 Moved mouse to:  (2879, 1618)
20:43:42 Delay: 9
--------
20:43:51 Idle detection
20:43:51 Moved mouse to:  (2880, 1619)
20:43:51 Delay: 10
--------
20:44:01 Idle detection
20:44:01 Moved mouse to:  (2881, 1620)
20:44:01 Delay: 8
--------
20:44:09 Idle detection
20:44:09 Moved mouse to:  (2882, 1621)
20:44:09 Delay: 5
--------
20:44:14 Idle detection
20:44:14 Moved mouse to:  (2883, 1622)
20:44:14 Delay: 4
--------
20:44:18 Idle detection
20:44:18 Moved mouse to:  (2884, 1623)
20:44:18 Delay: 7
--------
20:44:25 Idle detection
20:44:25 Moved mouse to:  (2885, 1624)
20:44:25 Delay: 7
--------
20:44:32 Idle detection
20:44:32 Moved mouse to:  (2886, 1625)
20:44:32 Delay: 4
--------
20:44:36 Idle detection
20:44:36 Moved mouse to:  (2887, 1626)
20:44:36 Delay: 10
--------
20:44:46 Idle detection
20:44:46 Moved mouse to:  (2888, 1627)
20:44:46 Delay: 5
--------
20:44:51 Idle detection
20:44:51 Moved mouse to:  (2889, 1628)
20:44:51 Delay: 6
--------
20:44:57 Idle detection
20:44:57 Moved mouse to:  (2890, 1629)
20:44:57 Delay: 5
--------
20:45:02 Idle detection
20:45:02 Moved mouse to:  (2891, 1630)
20:45:02 Delay: 10
--------
20:45:12 Idle detection
20:45:12 Moved mouse to:  (2892, 1631)
20:45:12 Delay: 6
--------
20:45:18 Idle detection
20:45:18 Moved mouse to:  (2893, 1632)
20:45:18 Delay: 6
--------
20:45:24 Idle detection
20:45:24 Moved mouse to:  (2894, 1633)
20:45:24 Delay: 9
--------
20:45:33 Idle detection
20:45:33 Moved mouse to:  (2895, 1634)
20:45:33 Delay: 4
--------
20:45:37 Idle detection
20:45:37 Moved mouse to:  (2896, 1635)
20:45:37 Delay: 8
--------
20:45:45 Idle detection
20:45:45 Moved mouse to:  (2897, 1636)
20:45:45 Delay: 5
--------
20:45:50 Idle detection
20:45:50 Moved mouse to:  (2898, 1637)
20:45:50 Delay: 7
--------
20:45:57 Idle detection
20:45:57 Moved mouse to:  (2899, 1638)
20:45:57 Delay: 7
--------
20:46:04 Idle detection
20:46:04 Moved mouse to:  (2900, 1639)
20:46:04 Delay: 9
--------
20:46:13 Idle detection
20:46:13 Moved mouse to:  (2901, 1640)
20:46:13 Delay: 10
--------
20:46:23 Idle detection
20:46:23 Moved mouse to:  (2902, 1641)
20:46:23 Delay: 9
--------
20:46:32 Idle detection
20:46:32 Moved mouse to:  (2903, 1642)
20:46:32 Delay: 9
--------
20:46:41 Idle detection
20:46:41 Moved mouse to:  (2904, 1643)
20:46:41 Delay: 7
--------
20:46:48 Idle detection
20:46:48 Moved mouse to:  (2905, 1644)
20:46:48 Delay: 9
--------
20:46:57 Idle detection
20:46:57 Moved mouse to:  (2906, 1645)
20:46:57 Delay: 9
--------
20:47:06 Idle detection
20:47:06 Moved mouse to:  (2907, 1646)
20:47:06 Delay: 5
--------
20:47:11 Idle detection
20:47:11 Moved mouse to:  (2908, 1647)
20:47:11 Delay: 4
--------
20:47:15 Idle detection
20:47:15 Moved mouse to:  (2909, 1648)
20:47:15 Delay: 6
--------
20:47:21 Idle detection
20:47:21 Moved mouse to:  (2910, 1649)
20:47:21 Delay: 9
--------
20:47:30 Idle detection
20:47:30 Moved mouse to:  (2911, 1650)
20:47:30 Delay: 8
--------
20:47:38 Idle detection
20:47:38 Moved mouse to:  (2912, 1651)
20:47:38 Delay: 7
--------
20:47:45 Idle detection
20:47:45 Moved mouse to:  (2913, 1652)
20:47:45 Delay: 4
--------
20:47:49 Idle detection
20:47:49 Moved mouse to:  (2914, 1653)
20:47:49 Delay: 5
--------
20:47:54 Idle detection
20:47:54 Moved mouse to:  (2915, 1654)
20:47:54 Delay: 10
--------
20:48:04 Idle detection
20:48:04 Moved mouse to:  (2916, 1655)
20:48:04 Delay: 5
--------
20:48:09 Idle detection
20:48:09 Moved mouse to:  (2917, 1656)
20:48:09 Delay: 7
--------
20:48:16 Idle detection
20:48:16 Moved mouse to:  (2918, 1657)
20:48:16 Delay: 5
--------
20:48:21 Idle detection
20:48:21 Moved mouse to:  (2919, 1658)
20:48:21 Delay: 8
--------
20:48:29 Idle detection
20:48:29 Moved mouse to:  (2920, 1659)
20:48:29 Delay: 8
--------
20:48:37 Idle detection
20:48:37 Moved mouse to:  (2921, 1660)
20:48:37 Delay: 8
--------
20:48:45 Idle detection
20:48:45 Moved mouse to:  (2922, 1661)
20:48:45 Delay: 5
--------
20:48:50 Idle detection
20:48:50 Moved mouse to:  (2923, 1662)
20:48:50 Delay: 6
--------
20:48:56 Idle detection
20:48:56 Moved mouse to:  (2924, 1663)
20:48:56 Delay: 8
--------
20:49:04 Idle detection
20:49:04 Moved mouse to:  (2925, 1664)
20:49:04 Delay: 8
--------
20:49:12 Idle detection
20:49:12 Moved mouse to:  (2926, 1665)
20:49:12 Delay: 10
--------
20:49:22 Idle detection
20:49:22 Moved mouse to:  (2927, 1666)
20:49:22 Delay: 5
--------
20:49:27 Idle detection
20:49:27 Moved mouse to:  (2928, 1667)
20:49:27 Delay: 4
--------
20:49:31 Idle detection
20:49:31 Moved mouse to:  (2929, 1668)
20:49:31 Delay: 7
--------
20:49:38 Idle detection
20:49:38 Moved mouse to:  (2930, 1669)
20:49:38 Delay: 9
--------
20:49:47 Idle detection
20:49:47 Moved mouse to:  (2931, 1670)
20:49:47 Delay: 7
--------
20:49:54 Idle detection
20:49:54 Moved mouse to:  (2932, 1671)
20:49:54 Delay: 4
--------
20:49:58 Idle detection
20:49:58 Moved mouse to:  (2933, 1672)
20:49:58 Delay: 7
--------
20:50:05 Idle detection
20:50:05 Moved mouse to:  (2934, 1673)
20:50:05 Delay: 4
--------
20:50:09 Idle detection
20:50:09 Moved mouse to:  (2935, 1674)
20:50:09 Delay: 4
--------
20:50:13 Idle detection
20:50:13 Moved mouse to:  (2936, 1675)
20:50:13 Delay: 6
--------
20:50:19 Idle detection
20:50:19 Moved mouse to:  (2937, 1676)
20:50:19 Delay: 5
--------
20:50:24 Idle detection
20:50:24 Moved mouse to:  (2938, 1677)
20:50:24 Delay: 8
--------
20:50:32 Idle detection
20:50:32 Moved mouse to:  (2939, 1678)
20:50:32 Delay: 5
--------
20:50:37 Idle detection
20:50:37 Moved mouse to:  (2940, 1679)
20:50:37 Delay: 9
--------
20:50:46 Idle detection
20:50:46 Moved mouse to:  (2941, 1680)
20:50:46 Delay: 6
--------
20:50:52 Idle detection
20:50:52 Moved mouse to:  (2942, 1681)
20:50:52 Delay: 8
--------
20:51:00 Idle detection
20:51:00 Moved mouse to:  (2943, 1682)
20:51:00 Delay: 6
--------
20:51:06 Idle detection
20:51:06 Moved mouse to:  (2944, 1683)
20:51:06 Delay: 5
--------
20:51:11 Idle detection
20:51:11 Moved mouse to:  (2945, 1684)
20:51:11 Delay: 6
--------
20:51:17 Idle detection
20:51:17 Moved mouse to:  (2946, 1685)
20:51:17 Delay: 10
--------
20:51:27 Idle detection
20:51:27 Moved mouse to:  (2947, 1686)
20:51:27 Delay: 5
--------
20:51:32 Idle detection
20:51:32 Moved mouse to:  (2948, 1687)
20:51:32 Delay: 7
--------
20:51:39 Idle detection
20:51:39 Moved mouse to:  (2949, 1688)
20:51:39 Delay: 9
--------
20:51:48 Idle detection
20:51:48 Moved mouse to:  (2950, 1689)
20:51:48 Delay: 8
--------
20:51:56 Idle detection
20:51:56 Moved mouse to:  (2951, 1690)
20:51:56 Delay: 9
--------
20:52:05 Idle detection
20:52:05 Moved mouse to:  (2952, 1691)
20:52:05 Delay: 7
--------
20:52:12 Idle detection
20:52:12 Moved mouse to:  (2953, 1692)
20:52:12 Delay: 5
--------
20:52:17 Idle detection
20:52:17 Moved mouse to:  (2954, 1693)
20:52:17 Delay: 4
--------
20:52:21 Idle detection
20:52:21 Moved mouse to:  (2955, 1694)
20:52:21 Delay: 8
--------
20:52:29 Idle detection
20:52:29 Moved mouse to:  (2956, 1695)
20:52:29 Delay: 9
--------
20:52:38 Idle detection
20:52:38 Moved mouse to:  (2957, 1696)
20:52:38 Delay: 6
--------
20:52:44 Idle detection
20:52:44 Moved mouse to:  (2958, 1697)
20:52:44 Delay: 9
--------
20:52:53 Idle detection
20:52:53 Moved mouse to:  (2959, 1698)
20:52:53 Delay: 9
--------
20:53:03 Idle detection
20:53:03 Moved mouse to:  (2960, 1699)
20:53:03 Delay: 5
--------
20:53:08 Idle detection
20:53:08 Moved mouse to:  (2961, 1700)
20:53:08 Delay: 6
--------
20:53:14 Idle detection
20:53:14 Moved mouse to:  (2962, 1701)
20:53:14 Delay: 4
--------
20:53:18 Idle detection
20:53:18 Moved mouse to:  (2963, 1702)
20:53:18 Delay: 9
--------
20:53:27 Idle detection
20:53:27 Moved mouse to:  (2964, 1703)
20:53:27 Delay: 9
--------
20:53:36 User activity detected
20:53:36 Delay: 9
--------
20:53:45 Idle detection
20:53:45 Moved mouse to:  (3649, 1)
20:53:45 Delay: 10
--------
20:53:55 Idle detection
20:53:55 Moved mouse to:  (3650, 2)
20:53:55 Delay: 4
--------
20:53:59 Idle detection
20:53:59 Moved mouse to:  (3651, 3)
20:53:59 Delay: 8
--------
20:54:07 Idle detection
20:54:07 Moved mouse to:  (3652, 4)
20:54:07 Delay: 7
--------
20:54:14 Idle detection
20:54:14 Moved mouse to:  (3653, 5)
20:54:14 Delay: 5
--------
20:54:19 Idle detection
20:54:19 Moved mouse to:  (3654, 6)
20:54:19 Delay: 5
--------
20:54:24 User activity detected
20:54:24 Delay: 5
--------
20:54:29 Idle detection
20:54:29 Moved mouse to:  (2560, 1)
20:54:29 Delay: 10
--------
20:54:39 Idle detection
20:54:39 Moved mouse to:  (2561, 2)
20:54:39 Delay: 5
--------
20:54:44 Idle detection
20:54:44 Moved mouse to:  (2562, 3)
20:54:44 Delay: 7
--------
20:54:51 Idle detection
20:54:51 Moved mouse to:  (2563, 4)
20:54:51 Delay: 6
--------
20:54:57 Idle detection
20:54:57 Moved mouse to:  (2564, 5)
20:54:57 Delay: 6
--------
20:55:03 Idle detection
20:55:03 Moved mouse to:  (2565, 6)
20:55:03 Delay: 8
--------
20:55:11 Idle detection
20:55:11 Moved mouse to:  (2566, 7)
20:55:11 Delay: 7
--------
20:55:18 Idle detection
20:55:18 Moved mouse to:  (2567, 8)
20:55:18 Delay: 7
--------
20:55:25 Idle detection
20:55:25 Moved mouse to:  (2568, 9)
20:55:25 Delay: 8
--------
20:55:33 Idle detection
20:55:33 Moved mouse to:  (2569, 10)
20:55:33 Delay: 6
--------
20:55:39 Idle detection
20:55:39 Moved mouse to:  (2570, 11)
20:55:39 Delay: 6
--------
20:55:45 Idle detection
20:55:45 Moved mouse to:  (2571, 12)
20:55:45 Delay: 4
--------
20:55:49 Idle detection
20:55:49 Moved mouse to:  (2572, 13)
20:55:49 Delay: 5
--------
20:55:54 Idle detection
20:55:54 Moved mouse to:  (2573, 14)
20:55:54 Delay: 4
--------
20:55:58 Idle detection
20:55:58 Moved mouse to:  (2574, 15)
20:55:58 Delay: 4
--------
20:56:02 Idle detection
20:56:02 Moved mouse to:  (2575, 16)
20:56:02 Delay: 9
--------
20:56:11 Idle detection
20:56:11 Moved mouse to:  (2576, 17)
20:56:11 Delay: 6
--------
20:56:17 Idle detection
20:56:17 Moved mouse to:  (2577, 18)
20:56:17 Delay: 7
--------
20:56:24 Idle detection
20:56:24 Moved mouse to:  (2578, 19)
20:56:24 Delay: 8
--------
20:56:32 Idle detection
20:56:32 Moved mouse to:  (2579, 20)
20:56:32 Delay: 5
--------
20:56:37 Idle detection
20:56:37 Moved mouse to:  (2580, 21)
20:56:37 Delay: 6
--------
20:56:43 Idle detection
20:56:43 Moved mouse to:  (2581, 22)
20:56:43 Delay: 7
--------
20:56:50 Idle detection
20:56:50 Moved mouse to:  (2582, 23)
20:56:50 Delay: 8
--------
20:56:58 Idle detection
20:56:58 Moved mouse to:  (2583, 24)
20:56:58 Delay: 8
--------
20:57:06 Idle detection
20:57:06 Moved mouse to:  (2584, 25)
20:57:06 Delay: 10
--------
20:57:16 Idle detection
20:57:16 Moved mouse to:  (2585, 26)
20:57:16 Delay: 6
--------
20:57:22 Idle detection
20:57:22 Moved mouse to:  (2586, 27)
20:57:22 Delay: 7
--------
20:57:29 Idle detection
20:57:29 Moved mouse to:  (2587, 28)
20:57:29 Delay: 6
--------
20:57:35 Idle detection
20:57:35 Moved mouse to:  (2588, 29)
20:57:35 Delay: 4
--------
20:57:39 Idle detection
20:57:39 Moved mouse to:  (2589, 30)
20:57:39 Delay: 4
--------
20:57:43 Idle detection
20:57:43 Moved mouse to:  (2590, 31)
20:57:43 Delay: 10
--------
20:57:53 Idle detection
20:57:53 Moved mouse to:  (2591, 32)
20:57:53 Delay: 7
--------
20:58:00 Idle detection
20:58:00 Moved mouse to:  (2592, 33)
20:58:00 Delay: 8
--------
20:58:08 Idle detection
20:58:08 Moved mouse to:  (2593, 34)
20:58:08 Delay: 4
--------
20:58:12 Idle detection
20:58:12 Moved mouse to:  (2594, 35)
20:58:12 Delay: 5
--------
20:58:17 Idle detection
20:58:17 Moved mouse to:  (2595, 36)
20:58:17 Delay: 9
--------
20:58:26 Idle detection
20:58:26 Moved mouse to:  (2596, 37)
20:58:26 Delay: 8
--------
20:58:34 Idle detection
20:58:34 Moved mouse to:  (2597, 38)
20:58:34 Delay: 7
--------
20:58:41 Idle detection
20:58:41 Moved mouse to:  (2598, 39)
20:58:41 Delay: 8
--------
20:58:49 Idle detection
20:58:49 Moved mouse to:  (2599, 40)
20:58:49 Delay: 6
--------
20:58:55 Idle detection
20:58:55 Moved mouse to:  (2600, 41)
20:58:55 Delay: 8
--------
20:59:03 Idle detection
20:59:03 Moved mouse to:  (2601, 42)
20:59:03 Delay: 6
--------
20:59:09 Idle detection
20:59:09 Moved mouse to:  (2602, 43)
20:59:09 Delay: 7
--------
20:59:16 User activity detected
20:59:16 Delay: 4
--------
20:59:20 User activity detected
20:59:20 Delay: 4
--------
20:59:24 User activity detected
20:59:24 Delay: 10
--------
20:59:34 Idle detection
20:59:34 Moved mouse to:  (827, 688)
20:59:34 Delay: 7
--------
20:59:41 User activity detected
20:59:41 Delay: 6
--------
20:59:47 Idle detection
20:59:47 Moved mouse to:  (1093, 881)
20:59:47 Delay: 10
--------
20:59:57 User activity detected
20:59:57 Delay: 4
--------
21:00:01 Idle detection
21:00:01 Moved mouse to:  (1747, 987)
21:00:01 Delay: 6
--------
21:00:07 Idle detection
21:00:07 Moved mouse to:  (1748, 988)
21:00:07 Delay: 10
--------
21:00:17 Idle detection
21:00:17 Moved mouse to:  (1749, 989)
21:00:17 Delay: 8
--------
21:00:25 Idle detection
21:00:25 Moved mouse to:  (1750, 990)
21:00:25 Delay: 9
--------
21:00:34 User activity detected
21:00:34 Delay: 4
--------
21:00:38 Idle detection
21:00:38 Moved mouse to:  (1184, 779)
21:00:38 Delay: 7
--------
21:00:45 User activity detected
21:00:45 Delay: 9
--------
21:00:54 User activity detected
21:00:54 Delay: 9
--------
21:01:03 User activity detected
21:01:03 Delay: 4
--------
21:01:07 User activity detected
21:01:07 Delay: 10
--------
21:01:17 User activity detected
21:01:17 Delay: 6
--------
21:01:23 User activity detected
21:01:23 Delay: 6
--------
21:01:29 Idle detection
21:01:29 Moved mouse to:  (2057, 234)
21:01:29 Delay: 7
--------
21:01:36 Idle detection
21:01:36 Moved mouse to:  (2058, 235)
21:01:36 Delay: 9
--------
21:01:45 Idle detection
21:01:45 Moved mouse to:  (2059, 236)
21:01:45 Delay: 9
--------
21:01:54 User activity detected
21:01:54 Delay: 10
--------
21:02:04 User activity detected
21:02:04 Delay: 8
--------
21:02:12 User activity detected
21:02:12 Delay: 8
--------
21:02:20 User activity detected
21:02:20 Delay: 5
--------
21:02:25 User activity detected
21:02:25 Delay: 9
--------
21:02:34 Idle detection
21:02:34 Moved mouse to:  (1014, 884)
21:02:34 Delay: 7
--------
21:02:41 Idle detection
21:02:41 Moved mouse to:  (1015, 885)
21:02:41 Delay: 4
--------
21:02:45 Idle detection
21:02:45 Moved mouse to:  (1016, 886)
21:02:45 Delay: 9
--------
21:02:54 Idle detection
21:02:54 Moved mouse to:  (1017, 887)
21:02:54 Delay: 9
--------
21:03:03 User activity detected
21:03:03 Delay: 7
--------
21:03:10 User activity detected
21:03:10 Delay: 4
--------
21:03:14 Idle detection
21:03:14 Moved mouse to:  (965, 800)
21:03:14 Delay: 4
--------
21:03:18 User activity detected
21:03:18 Delay: 6
--------
21:03:24 User activity detected
21:03:24 Delay: 8
--------
21:03:32 User activity detected
21:03:32 Delay: 8
--------
21:03:40 User activity detected
21:03:40 Delay: 5
--------
21:03:45 User activity detected
21:03:45 Delay: 8
--------
21:03:53 User activity detected
21:03:53 Delay: 4
--------
21:03:57 User activity detected
21:03:57 Delay: 4
--------
21:04:01 User activity detected
21:04:01 Delay: 4
--------
21:04:05 User activity detected
21:04:05 Delay: 8
--------
21:04:13 User activity detected
21:04:13 Delay: 10
--------
21:04:23 User activity detected
21:04:23 Delay: 4
--------
21:04:27 User activity detected
21:04:27 Delay: 6
--------
21:04:33 User activity detected
21:04:33 Delay: 7
--------
21:04:41 Idle detection
21:04:41 Moved mouse to:  (878, 860)
21:04:41 Delay: 6
--------
21:04:47 Idle detection
21:04:47 Moved mouse to:  (879, 861)
21:04:47 Delay: 9
--------
21:04:56 Idle detection
21:04:56 Moved mouse to:  (880, 862)
21:04:56 Delay: 4
--------
21:05:00 Idle detection
21:05:00 Moved mouse to:  (881, 863)
21:05:00 Delay: 6
--------
21:05:06 User activity detected
21:05:06 Delay: 7
--------
21:05:13 User activity detected
21:05:13 Delay: 10
--------
21:05:23 User activity detected
21:05:23 Delay: 9
--------
21:05:32 User activity detected
21:05:32 Delay: 9
--------
21:05:41 User activity detected
21:05:41 Delay: 8
--------
21:05:49 User activity detected
21:05:49 Delay: 4
--------
21:05:53 User activity detected
21:05:53 Delay: 4
--------
21:05:57 User activity detected
21:05:57 Delay: 6
--------
21:06:03 User activity detected
21:06:03 Delay: 10
--------
21:06:13 User activity detected
21:06:13 Delay: 8
--------
21:06:21 User activity detected
21:06:21 Delay: 6
--------
21:06:27 User activity detected
21:06:27 Delay: 10
--------
21:06:37 User activity detected
21:06:37 Delay: 8
--------
21:06:45 User activity detected
21:06:45 Delay: 5
--------
21:06:50 User activity detected
21:06:50 Delay: 10
--------
21:07:00 User activity detected
21:07:00 Delay: 8
--------
21:07:08 Idle detection
21:07:08 Moved mouse to:  (1007, 942)
21:07:08 Delay: 7
--------
21:07:15 User activity detected
21:07:15 Delay: 10
--------
21:07:25 User activity detected
21:07:25 Delay: 4
--------
21:07:29 User activity detected
21:07:29 Delay: 10
--------
21:07:39 User activity detected
21:07:39 Delay: 9
--------
21:07:48 User activity detected
21:07:48 Delay: 8
--------
21:07:56 User activity detected
21:07:56 Delay: 6
--------
21:08:02 User activity detected
21:08:02 Delay: 5
--------
21:08:07 User activity detected
21:08:07 Delay: 5
--------
21:08:12 User activity detected
21:08:12 Delay: 9
--------
21:08:21 Idle detection
21:08:21 Moved mouse to:  (2347, 708)
21:08:21 Delay: 6
--------
21:08:27 User activity detected
21:08:27 Delay: 9
--------
21:08:36 User activity detected
21:08:36 Delay: 7
--------
21:08:43 User activity detected
21:08:43 Delay: 7
--------
21:08:50 User activity detected
21:08:50 Delay: 10
--------
21:09:00 User activity detected
21:09:00 Delay: 4
--------
21:09:04 User activity detected
21:09:04 Delay: 8
--------
21:09:12 User activity detected
21:09:12 Delay: 4
--------
21:09:16 User activity detected
21:09:16 Delay: 9
--------
21:09:25 User activity detected
21:09:25 Delay: 5
--------
21:09:30 Idle detection
21:09:30 Moved mouse to:  (2275, 472)
21:09:30 Delay: 4
--------
21:09:34 User activity detected
21:09:34 Delay: 9
--------
21:09:43 User activity detected
21:09:43 Delay: 9
--------
21:09:52 User activity detected
21:09:52 Delay: 10
--------
21:10:02 User activity detected
21:10:02 Delay: 8
--------
21:10:10 User activity detected
21:10:10 Delay: 6
--------
21:10:16 User activity detected
21:10:16 Delay: 9
--------
21:10:25 User activity detected
21:10:25 Delay: 7
--------
21:10:32 User activity detected
21:10:32 Delay: 7
--------
21:10:39 User activity detected
21:10:39 Delay: 9
--------
21:10:48 Idle detection
21:10:48 Moved mouse to:  (2380, 688)
21:10:48 Delay: 10
--------
21:10:58 User activity detected
21:10:58 Delay: 4
--------
21:11:02 User activity detected
21:11:02 Delay: 4
--------
21:11:06 User activity detected
21:11:06 Delay: 6
--------
21:11:12 User activity detected
21:11:12 Delay: 6
--------
21:11:18 User activity detected
21:11:18 Delay: 4
--------
21:11:22 Idle detection
21:11:22 Moved mouse to:  (2231, 723)
21:11:22 Delay: 4
--------
21:11:26 Idle detection
21:11:26 Moved mouse to:  (2232, 724)
21:11:26 Delay: 7
--------
21:11:33 Idle detection
21:11:33 Moved mouse to:  (2233, 725)
21:11:33 Delay: 7
--------
21:11:40 User activity detected
21:11:40 Delay: 6
--------
21:11:46 User activity detected
21:11:46 Delay: 10
--------
21:11:56 User activity detected
21:11:56 Delay: 5
--------
21:12:01 User activity detected
21:12:01 Delay: 9
--------
21:12:10 User activity detected
21:12:10 Delay: 6
--------
21:12:16 User activity detected
21:12:16 Delay: 8
--------
21:12:24 User activity detected
21:12:24 Delay: 10
--------
21:12:34 User activity detected
21:12:34 Delay: 7
--------
21:12:41 User activity detected
21:12:41 Delay: 9
--------
21:12:50 User activity detected
21:12:50 Delay: 8
--------
21:12:58 User activity detected
21:12:58 Delay: 10
--------
21:13:08 User activity detected
21:13:08 Delay: 4
--------
21:13:12 Idle detection
21:13:12 Moved mouse to:  (3514, 2050)
21:13:12 Delay: 4
--------
21:13:16 Idle detection
21:13:16 Moved mouse to:  (3515, 2051)
21:13:16 Delay: 8
--------
21:13:24 User activity detected
21:13:24 Delay: 4
--------
21:13:28 User activity detected
21:13:28 Delay: 6
--------
21:13:34 User activity detected
21:13:34 Delay: 4
--------
21:13:38 User activity detected
21:13:38 Delay: 10
--------
21:13:48 Idle detection
21:13:48 Moved mouse to:  (2811, 123)
21:13:48 Delay: 5
--------
21:13:53 User activity detected
21:13:53 Delay: 7
--------
21:14:00 User activity detected
21:14:00 Delay: 7
--------
21:14:07 User activity detected
21:14:07 Delay: 9
--------
21:14:16 User activity detected
21:14:16 Delay: 7
--------
21:14:23 User activity detected
21:14:23 Delay: 5
--------
21:14:28 User activity detected
21:14:28 Delay: 10
--------
21:14:38 User activity detected
21:14:38 Delay: 6
--------
21:14:44 User activity detected
21:14:44 Delay: 7
--------
21:14:51 User activity detected
21:14:51 Delay: 6
--------
21:14:57 User activity detected
21:14:57 Delay: 10
--------
21:15:07 User activity detected
21:15:07 Delay: 6
--------
21:15:13 User activity detected
21:15:13 Delay: 6
--------
21:15:19 User activity detected
21:15:19 Delay: 6
--------
21:15:25 User activity detected
21:15:25 Delay: 5
--------
21:15:30 User activity detected
21:15:30 Delay: 5
--------
21:15:35 User activity detected
21:15:35 Delay: 6
--------
21:15:41 User activity detected
21:15:41 Delay: 4
--------
21:15:45 User activity detected
21:15:45 Delay: 5
--------
21:15:50 User activity detected
21:15:50 Delay: 9
--------
21:15:59 User activity detected
21:15:59 Delay: 4
--------
21:16:03 User activity detected
21:16:03 Delay: 8
--------
21:16:11 User activity detected
21:16:11 Delay: 6
--------
21:16:17 User activity detected
21:16:17 Delay: 10
--------
21:16:27 User activity detected
21:16:27 Delay: 10
--------
21:16:37 User activity detected
21:16:37 Delay: 6
--------
21:16:43 User activity detected
21:16:43 Delay: 7
--------
21:16:50 User activity detected
21:16:50 Delay: 4
--------
21:16:54 User activity detected
21:16:54 Delay: 9
--------
21:17:03 User activity detected
21:17:03 Delay: 8
--------
21:17:11 User activity detected
21:17:11 Delay: 9
--------
21:17:20 User activity detected
21:17:20 Delay: 4
--------
21:17:24 User activity detected
21:17:24 Delay: 6
--------
21:17:30 Idle detection
21:17:30 Moved mouse to:  (2433, 617)
21:17:30 Delay: 10
--------
21:17:40 User activity detected
21:17:40 Delay: 10
--------
21:17:50 User activity detected
21:17:50 Delay: 5
--------
21:17:55 User activity detected
21:17:55 Delay: 9
--------
21:18:04 User activity detected
21:18:04 Delay: 10
--------
21:18:14 User activity detected
21:18:14 Delay: 7
--------
21:18:21 Idle detection
21:18:21 Moved mouse to:  (2394, 883)
21:18:21 Delay: 4
--------
21:18:25 Idle detection
21:18:25 Moved mouse to:  (2395, 884)
21:18:25 Delay: 8
--------
21:18:33 User activity detected
21:18:33 Delay: 9
--------
21:18:42 Idle detection
21:18:42 Moved mouse to:  (2328, 662)
21:18:42 Delay: 8
--------
21:18:50 Idle detection
21:18:50 Moved mouse to:  (2329, 663)
21:18:50 Delay: 6
--------
21:18:57 User activity detected
21:18:57 Delay: 5
--------
21:19:02 User activity detected
21:19:02 Delay: 9
--------
21:19:11 Idle detection
21:19:11 Moved mouse to:  (2481, 687)
21:19:11 Delay: 10
--------
21:19:21 User activity detected
21:19:21 Delay: 6
--------
21:19:27 Idle detection
21:19:27 Moved mouse to:  (2453, 709)
21:19:27 Delay: 10
--------
21:19:37 User activity detected
21:19:37 Delay: 5
--------
21:19:42 User activity detected
21:19:42 Delay: 5
--------
21:19:47 User activity detected
21:19:47 Delay: 9
--------
21:19:56 User activity detected
21:19:56 Delay: 10
--------
21:20:06 User activity detected
21:20:06 Delay: 4
--------
21:20:10 User activity detected
21:20:10 Delay: 7
--------
21:20:17 User activity detected
21:20:17 Delay: 10
--------
21:20:27 User activity detected
21:20:27 Delay: 10
--------
21:20:37 User activity detected
21:20:37 Delay: 4
--------
21:20:41 User activity detected
21:20:41 Delay: 4
--------
21:20:45 Idle detection
21:20:45 Moved mouse to:  (2359, 558)
21:20:45 Delay: 10
--------
21:20:55 User activity detected
21:20:55 Delay: 6
--------
21:21:01 Idle detection
21:21:01 Moved mouse to:  (2283, 463)
21:21:01 Delay: 8
--------
21:21:09 User activity detected
21:21:09 Delay: 7
--------
21:21:16 Idle detection
21:21:16 Moved mouse to:  (2272, 479)
21:21:16 Delay: 8
--------
21:21:24 Idle detection
21:21:24 Moved mouse to:  (2273, 480)
21:21:24 Delay: 6
--------
21:21:30 Idle detection
21:21:30 Moved mouse to:  (2274, 481)
21:21:30 Delay: 7
--------
21:21:37 User activity detected
21:21:37 Delay: 6
--------
21:21:43 Idle detection
21:21:43 Moved mouse to:  (2339, 699)
21:21:43 Delay: 8
--------
21:21:51 Idle detection
21:21:51 Moved mouse to:  (2340, 700)
21:21:51 Delay: 8
--------
21:21:59 User activity detected
21:21:59 Delay: 7
--------
21:22:06 User activity detected
21:22:06 Delay: 5
--------
21:22:11 User activity detected
21:22:11 Delay: 9
--------
21:22:20 User activity detected
21:22:20 Delay: 9
--------
21:22:29 User activity detected
21:22:29 Delay: 10
--------
21:22:39 User activity detected
21:22:39 Delay: 7
--------
21:22:46 User activity detected
21:22:46 Delay: 8
--------
21:22:54 Idle detection
21:22:54 Moved mouse to:  (1390, 2539)
21:22:54 Delay: 6
--------
21:23:00 Idle detection
21:23:00 Moved mouse to:  (1391, 2540)
21:23:00 Delay: 7
--------
21:23:07 Idle detection
21:23:07 Moved mouse to:  (1392, 2541)
21:23:07 Delay: 7
--------
21:23:14 User activity detected
21:23:14 Delay: 5
--------
21:23:19 User activity detected
21:23:19 Delay: 4
--------
21:23:23 User activity detected
21:23:23 Delay: 7
--------
21:23:30 User activity detected
21:23:30 Delay: 4
--------
21:23:34 User activity detected
21:23:34 Delay: 9
--------
21:23:43 User activity detected
21:23:43 Delay: 5
--------
21:23:48 User activity detected
21:23:48 Delay: 8
--------
21:23:56 Idle detection
21:23:56 Moved mouse to:  (2367, 644)
21:23:56 Delay: 4
--------
21:24:00 User activity detected
21:24:00 Delay: 6
--------
21:24:06 User activity detected
21:24:06 Delay: 5
--------
21:24:11 Idle detection
21:24:11 Moved mouse to:  (2308, 571)
21:24:11 Delay: 9
--------
21:24:20 User activity detected
21:24:20 Delay: 8
--------
21:24:28 User activity detected
21:24:28 Delay: 9
--------
21:24:37 User activity detected
21:24:37 Delay: 7
--------
21:24:44 User activity detected
21:24:44 Delay: 10
--------
21:24:54 User activity detected
21:24:54 Delay: 4
--------
21:24:58 Idle detection
21:24:58 Moved mouse to:  (2350, 683)
21:24:58 Delay: 6
--------
21:25:04 Idle detection
21:25:04 Moved mouse to:  (2351, 684)
21:25:04 Delay: 6
--------
21:25:10 Idle detection
21:25:10 Moved mouse to:  (2352, 685)
21:25:10 Delay: 7
--------
21:25:17 Idle detection
21:25:17 Moved mouse to:  (2353, 686)
21:25:17 Delay: 5
--------
21:25:22 Idle detection
21:25:22 Moved mouse to:  (2354, 687)
21:25:22 Delay: 7
--------
21:25:29 User activity detected
21:25:29 Delay: 10
--------
21:25:39 Idle detection
21:25:39 Moved mouse to:  (2354, 688)
21:25:39 Delay: 10
--------
21:25:49 Idle detection
21:25:49 Moved mouse to:  (2355, 689)
21:25:49 Delay: 5
--------
21:25:54 Idle detection
21:25:54 Moved mouse to:  (2356, 690)
21:25:54 Delay: 9
--------
21:26:03 Idle detection
21:26:03 Moved mouse to:  (2357, 691)
21:26:03 Delay: 6
--------
21:26:09 Idle detection
21:26:09 Moved mouse to:  (2358, 692)
21:26:09 Delay: 5
--------
21:26:14 Idle detection
21:26:14 Moved mouse to:  (2359, 693)
21:26:14 Delay: 10
--------
21:26:24 User activity detected
21:26:24 Delay: 6
--------
21:26:30 User activity detected
21:26:30 Delay: 4
--------
21:26:34 User activity detected
21:26:34 Delay: 9
--------
21:26:43 User activity detected
21:26:43 Delay: 9
--------
21:26:52 User activity detected
21:26:52 Delay: 4
--------
21:26:56 User activity detected
21:26:56 Delay: 7
--------
21:27:03 User activity detected
21:27:03 Delay: 7
--------
21:27:10 User activity detected
21:27:10 Delay: 7
--------
21:27:17 User activity detected
21:27:17 Delay: 9
--------
21:27:26 Idle detection
21:27:26 Moved mouse to:  (323, 2305)
21:27:26 Delay: 8
--------
21:27:34 User activity detected
21:27:34 Delay: 10
--------
21:27:44 User activity detected
21:27:44 Delay: 8
--------
21:27:52 User activity detected
21:27:52 Delay: 8
--------
21:28:00 User activity detected
21:28:00 Delay: 10
--------
21:28:10 User activity detected
21:28:10 Delay: 7
--------
21:28:17 User activity detected
21:28:17 Delay: 6
--------
21:28:23 User activity detected
21:28:23 Delay: 6
--------
21:28:29 User activity detected
21:28:29 Delay: 9
--------
21:28:38 User activity detected
21:28:38 Delay: 5
--------
21:28:43 User activity detected
21:28:43 Delay: 4
--------
21:28:47 User activity detected
21:28:47 Delay: 7
--------
21:28:54 User activity detected
21:28:54 Delay: 9
--------
21:29:03 User activity detected
21:29:03 Delay: 10
--------
21:29:13 User activity detected
21:29:13 Delay: 8
--------
21:29:21 User activity detected
21:29:21 Delay: 7
--------
21:29:28 User activity detected
21:29:28 Delay: 4
--------
21:29:32 User activity detected
21:29:32 Delay: 5
--------
21:29:37 User activity detected
21:29:37 Delay: 5
--------
21:29:42 User activity detected
21:29:42 Delay: 9
--------
21:29:51 User activity detected
21:29:51 Delay: 5
--------
21:29:56 User activity detected
21:29:56 Delay: 5
--------
21:30:01 Idle detection
21:30:01 Moved mouse to:  (1186, 1890)
21:30:01 Delay: 5
--------
21:30:06 Idle detection
21:30:06 Moved mouse to:  (1187, 1891)
21:30:06 Delay: 8
--------
21:30:14 Idle detection
21:30:14 Moved mouse to:  (1188, 1892)
21:30:14 Delay: 5
--------
21:30:19 Idle detection
21:30:19 Moved mouse to:  (1189, 1893)
21:30:19 Delay: 4
--------
21:30:23 Idle detection
21:30:23 Moved mouse to:  (1190, 1894)
21:30:23 Delay: 10
--------
21:30:33 Idle detection
21:30:33 Moved mouse to:  (1191, 1895)
21:30:33 Delay: 10
--------
21:30:43 User activity detected
21:30:43 Delay: 10
--------
21:30:53 Idle detection
21:30:53 Moved mouse to:  (1554, 1879)
21:30:53 Delay: 10
--------
21:31:03 Idle detection
21:31:03 Moved mouse to:  (1555, 1880)
21:31:03 Delay: 6
--------
21:31:09 Idle detection
21:31:09 Moved mouse to:  (1556, 1881)
21:31:09 Delay: 7
--------
21:31:16 Idle detection
21:31:16 Moved mouse to:  (1557, 1882)
21:31:16 Delay: 4
--------
21:31:20 User activity detected
21:31:20 Delay: 7
--------
21:31:27 User activity detected
21:31:27 Delay: 7
--------
21:31:34 User activity detected
21:31:34 Delay: 6
--------
21:31:40 User activity detected
21:31:40 Delay: 9
--------
21:31:49 User activity detected
21:31:49 Delay: 4
--------
21:31:53 User activity detected
21:31:53 Delay: 7
--------
21:32:00 User activity detected
21:32:00 Delay: 8
--------
21:32:08 User activity detected
21:32:08 Delay: 8
--------
21:32:16 User activity detected
21:32:16 Delay: 10
--------
21:32:26 User activity detected
21:32:26 Delay: 4
--------
21:32:30 User activity detected
21:32:30 Delay: 5
--------
21:32:35 User activity detected
21:32:35 Delay: 5
--------
21:32:41 User activity detected
21:32:41 Delay: 9
--------
21:32:50 User activity detected
21:32:50 Delay: 10
--------
21:33:00 User activity detected
21:33:00 Delay: 4
--------
21:33:04 User activity detected
21:33:04 Delay: 6
--------
21:33:10 User activity detected
21:33:10 Delay: 9
--------
21:33:19 User activity detected
21:33:19 Delay: 4
--------
21:33:23 User activity detected
21:33:23 Delay: 8
--------
21:33:31 User activity detected
21:33:31 Delay: 4
--------
21:33:35 User activity detected
21:33:35 Delay: 7
--------
21:33:42 User activity detected
21:33:42 Delay: 6
--------
21:33:48 User activity detected
21:33:48 Delay: 6
--------
21:33:54 User activity detected
21:33:54 Delay: 6
--------
21:34:00 User activity detected
21:34:00 Delay: 9
--------
21:34:09 User activity detected
21:34:09 Delay: 9
--------
21:34:18 User activity detected
21:34:18 Delay: 4
--------
21:34:22 User activity detected
21:34:22 Delay: 9
--------
21:34:31 User activity detected
21:34:31 Delay: 8
--------
21:34:39 User activity detected
21:34:39 Delay: 7
--------
21:34:46 Idle detection
21:34:46 Moved mouse to:  (1055, 1523)
21:34:46 Delay: 7
--------
21:34:53 Idle detection
21:34:53 Moved mouse to:  (1056, 1524)
21:34:53 Delay: 8
--------
21:35:01 User activity detected
21:35:01 Delay: 5
--------
21:35:06 User activity detected
21:35:06 Delay: 4
--------
21:35:10 User activity detected
21:35:10 Delay: 8
--------
21:35:18 User activity detected
21:35:18 Delay: 8
--------
21:35:26 User activity detected
21:35:26 Delay: 8
--------
21:35:34 User activity detected
21:35:34 Delay: 4
--------
21:35:38 User activity detected
21:35:38 Delay: 9
--------
21:35:47 User activity detected
21:35:47 Delay: 5
--------
21:35:52 Idle detection
21:35:52 Moved mouse to:  (1262, 1571)
21:35:52 Delay: 10
--------
21:36:02 User activity detected
21:36:02 Delay: 4
--------
21:36:06 User activity detected
21:36:06 Delay: 8
--------
21:36:14 User activity detected
21:36:14 Delay: 9
--------
21:36:23 User activity detected
21:36:23 Delay: 8
--------
21:36:31 User activity detected
21:36:31 Delay: 10
--------
21:36:41 User activity detected
21:36:41 Delay: 8
--------
21:36:49 User activity detected
21:36:49 Delay: 5
--------
21:36:54 User activity detected
21:36:54 Delay: 8
--------
21:37:02 User activity detected
21:37:02 Delay: 8
--------
21:37:10 User activity detected
21:37:10 Delay: 5
--------
21:37:15 User activity detected
21:37:15 Delay: 6
--------
21:37:21 User activity detected
21:37:21 Delay: 9
--------
21:37:30 User activity detected
21:37:30 Delay: 6
--------
21:37:36 User activity detected
21:37:36 Delay: 4
--------
21:37:40 User activity detected
21:37:40 Delay: 7
--------
21:37:47 User activity detected
21:37:47 Delay: 10
--------
21:37:57 User activity detected
21:37:57 Delay: 10
--------
21:38:07 User activity detected
21:38:07 Delay: 4
--------
21:38:11 Idle detection
21:38:11 Moved mouse to:  (344, 1472)
21:38:11 Delay: 8
--------
21:38:19 User activity detected
21:38:19 Delay: 7
--------
21:38:26 User activity detected
21:38:26 Delay: 9
--------
21:38:35 User activity detected
21:38:35 Delay: 5
--------
21:38:40 User activity detected
21:38:40 Delay: 6
--------
21:38:46 Idle detection
21:38:46 Moved mouse to:  (802, 2179)
21:38:46 Delay: 10
--------
21:38:56 User activity detected
21:38:56 Delay: 5
--------
21:39:01 User activity detected
21:39:01 Delay: 7
--------
21:39:08 User activity detected
21:39:08 Delay: 4
--------
21:39:12 User activity detected
21:39:12 Delay: 9
--------
21:39:21 User activity detected
21:39:21 Delay: 5
--------
21:39:26 User activity detected
21:39:26 Delay: 9
--------
21:39:35 User activity detected
21:39:35 Delay: 6
--------
21:39:41 User activity detected
21:39:41 Delay: 8
--------
21:39:49 Idle detection
21:39:49 Moved mouse to:  (1942, 1812)
21:39:49 Delay: 8
--------
21:39:57 Idle detection
21:39:57 Moved mouse to:  (1943, 1813)
21:39:57 Delay: 10
--------
21:40:07 User activity detected
21:40:07 Delay: 8
--------
21:40:15 User activity detected
21:40:15 Delay: 7
--------
21:40:22 User activity detected
21:40:22 Delay: 7
--------
21:40:29 User activity detected
21:40:29 Delay: 6
--------
21:40:35 User activity detected
21:40:35 Delay: 6
--------
21:40:41 User activity detected
21:40:41 Delay: 4
--------
21:40:45 User activity detected
21:40:45 Delay: 7
--------
21:40:52 User activity detected
21:40:52 Delay: 5
--------
21:40:57 User activity detected
21:40:57 Delay: 10
--------
21:41:07 Idle detection
21:41:07 Moved mouse to:  (1510, 1597)
21:41:07 Delay: 10
--------
21:41:17 Idle detection
21:41:17 Moved mouse to:  (1511, 1598)
21:41:17 Delay: 5
--------
21:41:22 Idle detection
21:41:22 Moved mouse to:  (1512, 1599)
21:41:22 Delay: 7
--------
21:41:29 Idle detection
21:41:29 Moved mouse to:  (1513, 1600)
21:41:29 Delay: 5
--------
21:41:34 Idle detection
21:41:34 Moved mouse to:  (1514, 1601)
21:41:34 Delay: 4
--------
21:41:38 User activity detected
21:41:38 Delay: 6
--------
21:41:44 User activity detected
21:41:44 Delay: 4
--------
21:41:48 User activity detected
21:41:48 Delay: 5
--------
21:41:53 User activity detected
21:41:53 Delay: 4
--------
21:41:57 User activity detected
21:41:57 Delay: 6
--------
21:42:03 User activity detected
21:42:03 Delay: 4
--------
21:42:07 Idle detection
21:42:07 Moved mouse to:  (955, 1670)
21:42:07 Delay: 4
--------
21:42:11 Idle detection
21:42:11 Moved mouse to:  (956, 1671)
21:42:11 Delay: 10
--------
21:42:21 Idle detection
21:42:21 Moved mouse to:  (957, 1672)
21:42:21 Delay: 6
--------
21:42:27 User activity detected
21:42:27 Delay: 4
--------
21:42:31 User activity detected
21:42:31 Delay: 9
--------
21:42:40 User activity detected
21:42:40 Delay: 7
--------
21:42:47 Idle detection
21:42:47 Moved mouse to:  (1029, 1665)
21:42:47 Delay: 10
--------
21:42:57 User activity detected
21:42:57 Delay: 7
--------
21:43:04 User activity detected
21:43:04 Delay: 4
--------
21:43:08 User activity detected
21:43:08 Delay: 9
--------
21:43:17 User activity detected
21:43:17 Delay: 7
--------
21:43:24 User activity detected
21:43:24 Delay: 6
--------
21:43:30 User activity detected
21:43:30 Delay: 7
--------
21:43:37 User activity detected
21:43:37 Delay: 10
--------
21:43:47 User activity detected
21:43:47 Delay: 6
--------
21:43:53 User activity detected
21:43:53 Delay: 8
--------
21:44:01 User activity detected
21:44:01 Delay: 6
--------
21:44:07 User activity detected
21:44:07 Delay: 6
--------
21:44:13 User activity detected
21:44:13 Delay: 5
--------
21:44:18 User activity detected
21:44:18 Delay: 9
--------
21:44:27 User activity detected
21:44:27 Delay: 6
--------
21:44:33 User activity detected
21:44:33 Delay: 6
--------
21:44:39 User activity detected
21:44:39 Delay: 8
--------
21:44:47 User activity detected
21:44:47 Delay: 5
--------
21:44:52 User activity detected
21:44:52 Delay: 8
--------
21:45:00 User activity detected
21:45:00 Delay: 10
--------
21:45:10 Idle detection
21:45:10 Moved mouse to:  (2410, 1946)
21:45:10 Delay: 5
--------
21:45:15 Idle detection
21:45:15 Moved mouse to:  (2411, 1947)
21:45:15 Delay: 4
--------
21:45:19 Idle detection
21:45:19 Moved mouse to:  (2412, 1948)
21:45:19 Delay: 4
--------
21:45:23 User activity detected
21:45:23 Delay: 8
--------
21:45:31 User activity detected
21:45:31 Delay: 5
--------
21:45:36 User activity detected
21:45:36 Delay: 10
--------
21:45:46 User activity detected
21:45:46 Delay: 10
--------
21:45:56 User activity detected
21:45:56 Delay: 8
--------
21:46:04 User activity detected
21:46:04 Delay: 9
--------
21:46:13 User activity detected
21:46:13 Delay: 9
--------
21:46:22 User activity detected
21:46:22 Delay: 10
--------
21:46:33 User activity detected
21:46:33 Delay: 10
--------
21:46:43 User activity detected
21:46:43 Delay: 4
--------
21:46:47 User activity detected
21:46:47 Delay: 9
--------
21:46:56 User activity detected
21:46:56 Delay: 6
--------
21:47:02 User activity detected
21:47:02 Delay: 6
--------
21:47:08 User activity detected
21:47:08 Delay: 5
--------
21:47:13 User activity detected
21:47:13 Delay: 4
--------
21:47:17 User activity detected
21:47:17 Delay: 6
--------
21:47:23 User activity detected
21:47:23 Delay: 7
--------
21:47:30 User activity detected
21:47:30 Delay: 5
--------
21:47:35 User activity detected
21:47:35 Delay: 10
--------
21:47:45 User activity detected
21:47:45 Delay: 5
--------
21:47:50 User activity detected
21:47:50 Delay: 9
--------
21:47:59 User activity detected
21:47:59 Delay: 7
--------
21:48:06 Idle detection
21:48:06 Moved mouse to:  (940, 1350)
21:48:06 Delay: 8
--------
21:48:14 Idle detection
21:48:14 Moved mouse to:  (941, 1351)
21:48:14 Delay: 7
--------
21:48:21 Idle detection
21:48:21 Moved mouse to:  (942, 1352)
21:48:21 Delay: 9
--------
21:48:30 Idle detection
21:48:30 Moved mouse to:  (943, 1353)
21:48:30 Delay: 4
--------
21:48:34 Idle detection
21:48:34 Moved mouse to:  (944, 1354)
21:48:34 Delay: 7
--------
21:48:41 Idle detection
21:48:41 Moved mouse to:  (945, 1355)
21:48:41 Delay: 5
--------
21:48:46 Idle detection
21:48:46 Moved mouse to:  (946, 1356)
21:48:46 Delay: 7
--------
21:48:53 Idle detection
21:48:53 Moved mouse to:  (947, 1357)
21:48:53 Delay: 7
--------
21:49:00 Idle detection
21:49:00 Moved mouse to:  (948, 1358)
21:49:00 Delay: 5
--------
21:49:05 Idle detection
21:49:05 Moved mouse to:  (949, 1359)
21:49:05 Delay: 4
--------
21:49:09 Idle detection
21:49:09 Moved mouse to:  (950, 1360)
21:49:09 Delay: 6
--------
21:49:15 User activity detected
21:49:15 Delay: 6
--------
21:49:21 User activity detected
21:49:21 Delay: 7
--------
21:49:28 User activity detected
21:49:28 Delay: 10
--------
21:49:38 User activity detected
21:49:38 Delay: 8
--------
21:49:46 Idle detection
21:49:46 Moved mouse to:  (1260, 1588)
21:49:46 Delay: 6
--------
21:49:52 Idle detection
21:49:52 Moved mouse to:  (1261, 1589)
21:49:52 Delay: 9
--------
21:50:01 Idle detection
21:50:01 Moved mouse to:  (1262, 1590)
21:50:01 Delay: 9
--------
21:50:10 Idle detection
21:50:10 Moved mouse to:  (1263, 1591)
21:50:10 Delay: 10
--------
21:50:20 Idle detection
21:50:20 Moved mouse to:  (1264, 1592)
21:50:20 Delay: 10
--------
21:50:30 Idle detection
21:50:30 Moved mouse to:  (1265, 1593)
21:50:30 Delay: 10
--------
21:50:40 Idle detection
21:50:40 Moved mouse to:  (1266, 1594)
21:50:40 Delay: 10
--------
21:50:50 Idle detection
21:50:50 Moved mouse to:  (1267, 1595)
21:50:50 Delay: 10
--------
21:51:00 Idle detection
21:51:00 Moved mouse to:  (1268, 1596)
21:51:00 Delay: 7
--------
21:51:07 Idle detection
21:51:07 Moved mouse to:  (1269, 1597)
21:51:07 Delay: 5
--------
21:51:12 Idle detection
21:51:12 Moved mouse to:  (1270, 1598)
21:51:12 Delay: 10
--------
21:51:22 Idle detection
21:51:22 Moved mouse to:  (1271, 1599)
21:51:22 Delay: 4
--------
21:51:26 Idle detection
21:51:26 Moved mouse to:  (1272, 1600)
21:51:26 Delay: 7
--------
21:51:33 Idle detection
21:51:33 Moved mouse to:  (1273, 1601)
21:51:33 Delay: 6
--------
21:51:39 Idle detection
21:51:39 Moved mouse to:  (1274, 1602)
21:51:39 Delay: 4
--------
21:51:43 Idle detection
21:51:43 Moved mouse to:  (1275, 1603)
21:51:43 Delay: 5
--------
21:51:48 Idle detection
21:51:48 Moved mouse to:  (1276, 1604)
21:51:48 Delay: 10
--------
21:51:58 Idle detection
21:51:58 Moved mouse to:  (1277, 1605)
21:51:58 Delay: 4
--------
21:52:02 Idle detection
21:52:02 Moved mouse to:  (1278, 1606)
21:52:02 Delay: 10
--------
21:52:12 Idle detection
21:52:12 Moved mouse to:  (1279, 1607)
21:52:12 Delay: 7
--------
21:52:19 Idle detection
21:52:19 Moved mouse to:  (1280, 1608)
21:52:19 Delay: 7
--------
21:52:26 Idle detection
21:52:26 Moved mouse to:  (1281, 1609)
21:52:26 Delay: 6
--------
21:52:32 Idle detection
21:52:32 Moved mouse to:  (1282, 1610)
21:52:32 Delay: 5
--------
21:52:37 Idle detection
21:52:37 Moved mouse to:  (1283, 1611)
21:52:37 Delay: 10
--------
21:52:47 Idle detection
21:52:47 Moved mouse to:  (1284, 1612)
21:52:47 Delay: 4
--------
21:52:51 Idle detection
21:52:51 Moved mouse to:  (1285, 1613)
21:52:51 Delay: 9
--------
21:53:00 Idle detection
21:53:00 Moved mouse to:  (1286, 1614)
21:53:00 Delay: 9
--------
21:53:09 Idle detection
21:53:09 Moved mouse to:  (1287, 1615)
21:53:09 Delay: 4
--------
21:53:13 Idle detection
21:53:13 Moved mouse to:  (1288, 1616)
21:53:13 Delay: 10
--------
21:53:23 Idle detection
21:53:23 Moved mouse to:  (1289, 1617)
21:53:23 Delay: 8
--------
21:53:31 Idle detection
21:53:31 Moved mouse to:  (1290, 1618)
21:53:31 Delay: 9
--------
21:53:40 Idle detection
21:53:40 Moved mouse to:  (1291, 1619)
21:53:40 Delay: 9
--------
21:53:49 Idle detection
21:53:49 Moved mouse to:  (1292, 1620)
21:53:49 Delay: 6
--------
21:53:55 Idle detection
21:53:55 Moved mouse to:  (1293, 1621)
21:53:55 Delay: 5
--------
21:54:00 Idle detection
21:54:00 Moved mouse to:  (1294, 1622)
21:54:00 Delay: 5
--------
21:54:05 Idle detection
21:54:05 Moved mouse to:  (1295, 1623)
21:54:05 Delay: 7
--------
21:54:12 Idle detection
21:54:12 Moved mouse to:  (1296, 1624)
21:54:12 Delay: 7
--------
21:54:19 Idle detection
21:54:19 Moved mouse to:  (1297, 1625)
21:54:19 Delay: 6
--------
21:54:25 Idle detection
21:54:25 Moved mouse to:  (1298, 1626)
21:54:25 Delay: 9
--------
21:54:34 Idle detection
21:54:34 Moved mouse to:  (1299, 1627)
21:54:34 Delay: 9
--------
21:54:43 Idle detection
21:54:43 Moved mouse to:  (1300, 1628)
21:54:43 Delay: 5
--------
21:54:48 Idle detection
21:54:48 Moved mouse to:  (1301, 1629)
21:54:48 Delay: 5
--------
21:54:53 Idle detection
21:54:53 Moved mouse to:  (1302, 1630)
21:54:53 Delay: 7
--------
21:55:00 Idle detection
21:55:00 Moved mouse to:  (1303, 1631)
21:55:00 Delay: 9
--------
21:55:09 Idle detection
21:55:09 Moved mouse to:  (1304, 1632)
21:55:09 Delay: 9
--------
21:55:18 Idle detection
21:55:18 Moved mouse to:  (1305, 1633)
21:55:18 Delay: 4
--------
21:55:22 Idle detection
21:55:22 Moved mouse to:  (1306, 1634)
21:55:22 Delay: 5
--------
21:55:27 Idle detection
21:55:27 Moved mouse to:  (1307, 1635)
21:55:27 Delay: 7
--------
21:55:34 Idle detection
21:55:34 Moved mouse to:  (1308, 1636)
21:55:34 Delay: 10
--------
21:55:44 Idle detection
21:55:44 Moved mouse to:  (1309, 1637)
21:55:44 Delay: 4
--------
21:55:48 Idle detection
21:55:48 Moved mouse to:  (1310, 1638)
21:55:48 Delay: 8
--------
21:55:56 Idle detection
21:55:56 Moved mouse to:  (1311, 1639)
21:55:56 Delay: 10
--------
21:56:06 Idle detection
21:56:06 Moved mouse to:  (1312, 1640)
21:56:06 Delay: 8
--------
21:56:14 Idle detection
21:56:14 Moved mouse to:  (1313, 1641)
21:56:14 Delay: 4
--------
21:56:18 Idle detection
21:56:18 Moved mouse to:  (1314, 1642)
21:56:18 Delay: 5
--------
21:56:23 Idle detection
21:56:23 Moved mouse to:  (1315, 1643)
21:56:23 Delay: 8
--------
21:56:31 Idle detection
21:56:31 Moved mouse to:  (1316, 1644)
21:56:31 Delay: 5
--------
21:56:36 Idle detection
21:56:36 Moved mouse to:  (1317, 1645)
21:56:36 Delay: 4
--------
21:56:40 Idle detection
21:56:40 Moved mouse to:  (1318, 1646)
21:56:40 Delay: 6
--------
21:56:46 Idle detection
21:56:46 Moved mouse to:  (1319, 1647)
21:56:46 Delay: 9
--------
21:56:55 Idle detection
21:56:55 Moved mouse to:  (1320, 1648)
21:56:55 Delay: 4
--------
21:56:59 Idle detection
21:56:59 Moved mouse to:  (1321, 1649)
21:56:59 Delay: 4
--------
21:57:03 Idle detection
21:57:03 Moved mouse to:  (1322, 1650)
21:57:03 Delay: 4
--------
21:57:07 Idle detection
21:57:07 Moved mouse to:  (1323, 1651)
21:57:07 Delay: 9
--------
21:57:16 Idle detection
21:57:16 Moved mouse to:  (1324, 1652)
21:57:16 Delay: 4
--------
21:57:20 Idle detection
21:57:20 Moved mouse to:  (1325, 1653)
21:57:20 Delay: 9
--------
21:57:29 Idle detection
21:57:29 Moved mouse to:  (1326, 1654)
21:57:29 Delay: 10
--------
21:57:39 Idle detection
21:57:39 Moved mouse to:  (1327, 1655)
21:57:39 Delay: 7
--------
21:57:46 Idle detection
21:57:46 Moved mouse to:  (1328, 1656)
21:57:46 Delay: 5
--------
21:57:51 Idle detection
21:57:51 Moved mouse to:  (1329, 1657)
21:57:51 Delay: 8
--------
21:57:59 Idle detection
21:57:59 Moved mouse to:  (1330, 1658)
21:57:59 Delay: 4
--------
21:58:03 Idle detection
21:58:03 Moved mouse to:  (1331, 1659)
21:58:03 Delay: 9
--------
21:58:12 Idle detection
21:58:12 Moved mouse to:  (1332, 1660)
21:58:12 Delay: 8
--------
21:58:20 Idle detection
21:58:20 Moved mouse to:  (1333, 1661)
21:58:20 Delay: 7
--------
21:58:27 Idle detection
21:58:27 Moved mouse to:  (1334, 1662)
21:58:27 Delay: 5
--------
21:58:32 Idle detection
21:58:32 Moved mouse to:  (1335, 1663)
21:58:32 Delay: 10
--------
21:58:42 Idle detection
21:58:42 Moved mouse to:  (1336, 1664)
21:58:42 Delay: 9
--------
21:58:51 User activity detected
21:58:51 Delay: 8
--------
21:58:59 User activity detected
21:58:59 Delay: 8
--------
21:59:07 User activity detected
21:59:07 Delay: 5
--------
21:59:12 User activity detected
21:59:12 Delay: 4
--------
21:59:16 User activity detected
21:59:16 Delay: 8
--------
21:59:24 User activity detected
21:59:24 Delay: 7
--------
21:59:31 User activity detected
21:59:31 Delay: 5
--------
21:59:36 User activity detected
21:59:36 Delay: 4
--------
21:59:40 User activity detected
21:59:40 Delay: 10
--------
21:59:50 User activity detected
21:59:50 Delay: 5
--------
21:59:55 User activity detected
21:59:55 Delay: 5
--------
22:00:00 User activity detected
22:00:00 Delay: 5
--------
22:00:05 User activity detected
22:00:05 Delay: 7
--------
22:00:12 User activity detected
22:00:12 Delay: 10
--------
22:00:22 User activity detected
22:00:22 Delay: 10
--------
22:00:32 User activity detected
22:00:32 Delay: 5
--------
22:00:37 User activity detected
22:00:37 Delay: 4
--------
22:00:41 User activity detected
22:00:41 Delay: 10
--------
22:00:51 User activity detected
22:00:51 Delay: 8
--------
22:00:59 User activity detected
22:00:59 Delay: 6
--------
22:01:05 User activity detected
22:01:05 Delay: 8
--------
22:01:13 User activity detected
22:01:13 Delay: 10
--------
22:01:23 User activity detected
22:01:23 Delay: 7
--------
22:01:30 User activity detected
22:01:30 Delay: 8
--------
22:01:38 User activity detected
22:01:38 Delay: 7
--------
22:01:45 User activity detected
22:01:45 Delay: 6
--------
22:01:51 User activity detected
22:01:51 Delay: 10
--------
22:02:01 User activity detected
22:02:01 Delay: 6
--------
22:02:07 User activity detected
22:02:07 Delay: 5
--------
22:02:12 User activity detected
22:02:12 Delay: 5
--------
22:02:17 User activity detected
22:02:17 Delay: 6
--------
22:02:23 User activity detected
22:02:23 Delay: 8
--------
22:02:31 User activity detected
22:02:31 Delay: 9
--------
22:02:40 User activity detected
22:02:40 Delay: 6
--------
22:02:47 User activity detected
22:02:47 Delay: 6
--------
22:02:53 User activity detected
22:02:53 Delay: 10
--------
22:03:03 User activity detected
22:03:03 Delay: 7
--------
22:03:10 User activity detected
22:03:10 Delay: 6
--------
22:03:16 User activity detected
22:03:16 Delay: 6
--------
22:03:22 User activity detected
22:03:22 Delay: 6
--------
22:03:28 User activity detected
22:03:28 Delay: 5
--------
22:03:33 User activity detected
22:03:33 Delay: 5
--------
22:03:38 User activity detected
22:03:38 Delay: 5
--------
22:03:43 User activity detected
22:03:43 Delay: 4
--------
22:03:47 User activity detected
22:03:47 Delay: 4
--------
22:03:51 User activity detected
22:03:51 Delay: 9
--------
22:04:00 User activity detected
22:04:00 Delay: 8
--------
22:04:08 User activity detected
22:04:08 Delay: 6
--------
22:04:14 User activity detected
22:04:14 Delay: 9
--------
22:04:23 User activity detected
22:04:23 Delay: 4
--------
22:04:27 User activity detected
22:04:27 Delay: 10
--------
22:04:37 User activity detected
22:04:37 Delay: 10
--------
22:04:47 User activity detected
22:04:47 Delay: 9
--------
22:04:56 User activity detected
22:04:56 Delay: 10
--------
22:05:06 User activity detected
22:05:06 Delay: 8
--------
22:05:14 User activity detected
22:05:14 Delay: 8
--------
22:05:22 User activity detected
22:05:22 Delay: 4
--------
22:05:26 User activity detected
22:05:26 Delay: 6
--------
22:05:32 User activity detected
22:05:32 Delay: 10
--------
22:05:42 User activity detected
22:05:42 Delay: 6
--------
22:05:48 User activity detected
22:05:48 Delay: 4
--------
22:05:52 User activity detected
22:05:52 Delay: 8
--------
22:06:00 User activity detected
22:06:00 Delay: 7
--------
22:06:07 User activity detected
22:06:07 Delay: 6
--------
22:06:13 User activity detected
22:06:13 Delay: 5
--------
22:06:18 User activity detected
22:06:18 Delay: 5
--------
22:06:23 User activity detected
22:06:23 Delay: 10
--------
22:06:33 User activity detected
22:06:33 Delay: 7
--------
22:06:40 Idle detection
22:06:40 Moved mouse to:  (2283, 815)
22:06:40 Delay: 10
--------
22:06:50 User activity detected
22:06:50 Delay: 10
--------
22:07:00 User activity detected
22:07:00 Delay: 7
--------
22:07:07 Idle detection
22:07:07 Moved mouse to:  (2325, 890)
22:07:07 Delay: 4
--------
22:07:11 Idle detection
22:07:11 Moved mouse to:  (2326, 891)
22:07:11 Delay: 10
--------
22:07:21 Idle detection
22:07:21 Moved mouse to:  (2327, 892)
22:07:21 Delay: 5
--------
22:07:26 Idle detection
22:07:26 Moved mouse to:  (2328, 893)
22:07:26 Delay: 9
--------
22:07:35 Idle detection
22:07:35 Moved mouse to:  (2329, 894)
22:07:35 Delay: 6
--------
22:07:41 Idle detection
22:07:41 Moved mouse to:  (2330, 895)
22:07:41 Delay: 8
--------
22:07:49 Idle detection
22:07:49 Moved mouse to:  (2331, 896)
22:07:49 Delay: 10
--------
22:07:59 User activity detected
22:07:59 Delay: 8
--------
22:08:07 User activity detected
22:08:07 Delay: 6
--------
22:08:13 User activity detected
22:08:13 Delay: 8
--------
22:08:21 User activity detected
22:08:21 Delay: 7
--------
22:08:28 User activity detected
22:08:28 Delay: 10
--------
22:08:38 User activity detected
22:08:38 Delay: 4
--------
22:08:42 User activity detected
22:08:42 Delay: 8
--------
22:08:50 User activity detected
22:08:50 Delay: 9
--------
22:08:59 Idle detection
22:08:59 Moved mouse to:  (1185, 1507)
22:08:59 Delay: 8
--------
22:09:07 User activity detected
22:09:07 Delay: 7
--------
22:09:14 User activity detected
22:09:14 Delay: 6
--------
22:09:20 User activity detected
22:09:20 Delay: 4
--------
22:09:24 User activity detected
22:09:24 Delay: 7
--------
22:09:31 User activity detected
22:09:31 Delay: 6
--------
22:09:37 User activity detected
22:09:37 Delay: 10
--------
22:09:47 User activity detected
22:09:47 Delay: 10
--------
22:09:57 User activity detected
22:09:57 Delay: 7
--------
22:10:04 User activity detected
22:10:04 Delay: 9
--------
22:10:13 User activity detected
22:10:13 Delay: 9
--------
22:10:22 User activity detected
22:10:22 Delay: 8
--------
22:10:30 Idle detection
22:10:30 Moved mouse to:  (2191, 1186)
22:10:30 Delay: 5
--------
22:10:35 Idle detection
22:10:35 Moved mouse to:  (2192, 1187)
22:10:35 Delay: 4
--------
22:10:39 Idle detection
22:10:39 Moved mouse to:  (2193, 1188)
22:10:39 Delay: 5
--------
22:10:44 Idle detection
22:10:44 Moved mouse to:  (2194, 1189)
22:10:44 Delay: 8
--------
22:10:52 Idle detection
22:10:52 Moved mouse to:  (2195, 1190)
22:10:52 Delay: 8
--------
22:11:00 User activity detected
22:11:00 Delay: 7
--------
22:11:07 User activity detected
22:11:07 Delay: 10
--------
22:11:17 User activity detected
22:11:17 Delay: 9
--------
22:11:26 User activity detected
22:11:26 Delay: 8
--------
22:11:34 User activity detected
22:11:34 Delay: 6
--------
22:11:40 User activity detected
22:11:40 Delay: 10
--------
22:11:50 User activity detected
22:11:50 Delay: 7
--------
22:11:57 User activity detected
22:11:57 Delay: 8
--------
22:12:05 User activity detected
22:12:05 Delay: 5
--------
22:12:10 User activity detected
22:12:10 Delay: 6
--------
22:12:16 User activity detected
22:12:16 Delay: 6
--------
22:12:22 Idle detection
22:12:22 Moved mouse to:  (1346, 1850)
22:12:22 Delay: 8
--------
22:12:30 User activity detected
22:12:30 Delay: 5
--------
22:12:35 User activity detected
22:12:35 Delay: 5
--------
22:12:40 User activity detected
22:12:40 Delay: 7
--------
22:12:47 User activity detected
22:12:47 Delay: 7
--------
22:12:54 User activity detected
22:12:54 Delay: 6
--------
22:13:00 Idle detection
22:13:00 Moved mouse to:  (1334, 1116)
22:13:00 Delay: 6
--------
22:13:06 Idle detection
22:13:06 Moved mouse to:  (1335, 1117)
22:13:06 Delay: 6
--------
22:13:12 Idle detection
22:13:12 Moved mouse to:  (1336, 1118)
22:13:12 Delay: 5
--------
22:13:17 Idle detection
22:13:17 Moved mouse to:  (1337, 1119)
22:13:17 Delay: 9
--------
22:13:26 User activity detected
22:13:26 Delay: 7
--------
22:13:33 User activity detected
22:13:33 Delay: 5
--------
22:13:38 User activity detected
22:13:38 Delay: 4
--------
22:13:42 User activity detected
22:13:42 Delay: 8
--------
22:13:50 User activity detected
22:13:50 Delay: 8
--------
22:13:58 User activity detected
22:13:58 Delay: 9
--------
22:14:07 User activity detected
22:14:07 Delay: 10
--------
22:14:17 User activity detected
22:14:17 Delay: 10
--------
22:14:27 User activity detected
22:14:27 Delay: 6
--------
22:14:33 User activity detected
22:14:33 Delay: 4
--------
22:14:37 User activity detected
22:14:37 Delay: 5
--------
22:14:42 Idle detection
22:14:42 Moved mouse to:  (1004, 1483)
22:14:42 Delay: 5
--------
22:14:47 Idle detection
22:14:47 Moved mouse to:  (1005, 1484)
22:14:47 Delay: 10
--------
22:14:57 Idle detection
22:14:57 Moved mouse to:  (1006, 1485)
22:14:57 Delay: 9
--------
22:15:06 User activity detected
22:15:06 Delay: 7
--------
22:15:13 User activity detected
22:15:13 Delay: 10
--------
22:15:23 User activity detected
22:15:23 Delay: 6
--------
22:15:29 User activity detected
22:15:29 Delay: 7
--------
22:15:36 User activity detected
22:15:36 Delay: 8
--------
22:15:44 Idle detection
22:15:44 Moved mouse to:  (599, 1626)
22:15:44 Delay: 6
--------
22:15:50 User activity detected
22:15:50 Delay: 7
--------
22:15:57 User activity detected
22:15:57 Delay: 6
--------
22:16:03 User activity detected
22:16:03 Delay: 10
--------
22:16:13 User activity detected
22:16:13 Delay: 4
--------
22:16:17 User activity detected
22:16:17 Delay: 4
--------
22:16:21 User activity detected
22:16:21 Delay: 9
--------
22:16:30 User activity detected
22:16:30 Delay: 4
--------
22:16:34 User activity detected
22:16:34 Delay: 8
--------
22:16:42 User activity detected
22:16:42 Delay: 5
--------
22:16:47 User activity detected
22:16:47 Delay: 6
--------
22:16:53 User activity detected
22:16:53 Delay: 4
--------
22:16:57 Idle detection
22:16:57 Moved mouse to:  (1671, 658)
22:16:57 Delay: 9
--------
22:17:06 User activity detected
22:17:06 Delay: 7
--------
22:17:14 User activity detected
22:17:14 Delay: 9
--------
22:17:23 User activity detected
22:17:23 Delay: 4
--------
22:17:27 User activity detected
22:17:27 Delay: 4
--------
22:17:31 User activity detected
22:17:31 Delay: 4
--------
22:17:35 User activity detected
22:17:35 Delay: 5
--------
22:17:40 User activity detected
22:17:40 Delay: 8
--------
22:17:48 User activity detected
22:17:48 Delay: 4
--------
22:17:52 User activity detected
22:17:52 Delay: 8
--------
22:18:00 User activity detected
22:18:00 Delay: 5
--------
22:18:05 User activity detected
22:18:05 Delay: 8
--------
22:18:13 User activity detected
22:18:13 Delay: 4
--------
22:18:17 User activity detected
22:18:17 Delay: 9
--------
22:18:26 User activity detected
22:18:26 Delay: 6
--------
22:18:32 User activity detected
22:18:32 Delay: 6
--------
22:18:38 User activity detected
22:18:38 Delay: 5
--------
22:18:43 User activity detected
22:18:43 Delay: 5
--------
22:18:48 User activity detected
22:18:48 Delay: 8
--------
22:18:56 User activity detected
22:18:56 Delay: 9
--------
22:19:05 User activity detected
22:19:05 Delay: 10
--------
22:19:15 User activity detected
22:19:15 Delay: 10
--------
22:19:25 User activity detected
22:19:25 Delay: 9
--------
22:19:34 User activity detected
22:19:34 Delay: 9
--------
22:19:43 User activity detected
22:19:43 Delay: 8
--------
22:19:51 User activity detected
22:19:51 Delay: 9
--------
22:20:00 User activity detected
22:20:00 Delay: 8
--------
22:20:08 Idle detection
22:20:08 Moved mouse to:  (2300, 599)
22:20:08 Delay: 4
--------
22:20:12 User activity detected
22:20:12 Delay: 4
--------
22:20:16 User activity detected
22:20:16 Delay: 10
--------
22:20:26 User activity detected
22:20:26 Delay: 5
--------
22:20:31 User activity detected
22:20:31 Delay: 4
--------
22:20:35 User activity detected
22:20:35 Delay: 6
--------
22:20:41 User activity detected
22:20:41 Delay: 4
--------
22:20:45 User activity detected
22:20:45 Delay: 5
--------
22:20:50 Idle detection
22:20:50 Moved mouse to:  (859, 751)
22:20:50 Delay: 8
--------
22:20:58 User activity detected
22:20:58 Delay: 8
--------
22:21:06 User activity detected
22:21:06 Delay: 8
--------
22:21:14 User activity detected
22:21:14 Delay: 10
--------
22:21:24 User activity detected
22:21:24 Delay: 10
--------
22:21:34 Idle detection
22:21:34 Moved mouse to:  (2362, 700)
22:21:34 Delay: 10
--------
22:21:44 User activity detected
22:21:44 Delay: 9
--------
22:21:53 User activity detected
22:21:53 Delay: 5
--------
22:21:58 User activity detected
22:21:58 Delay: 9
--------
22:22:07 User activity detected
22:22:07 Delay: 6
--------
22:22:13 Idle detection
22:22:13 Moved mouse to:  (2278, 724)
22:22:13 Delay: 10
--------
22:22:23 User activity detected
22:22:23 Delay: 10
--------
22:22:33 User activity detected
22:22:33 Delay: 10
--------
22:22:43 User activity detected
22:22:43 Delay: 8
--------
22:22:51 User activity detected
22:22:51 Delay: 9
--------
22:23:00 User activity detected
22:23:00 Delay: 7
--------
22:23:07 User activity detected
22:23:07 Delay: 6
--------
22:23:13 User activity detected
22:23:13 Delay: 10
--------
22:23:23 User activity detected
22:23:23 Delay: 5
--------
22:23:28 User activity detected
22:23:28 Delay: 5
--------
22:23:33 Idle detection
22:23:33 Moved mouse to:  (2365, 644)
22:23:33 Delay: 6
--------
22:23:39 Idle detection
22:23:39 Moved mouse to:  (2366, 645)
22:23:39 Delay: 5
--------
22:23:44 Idle detection
22:23:44 Moved mouse to:  (2367, 646)
22:23:44 Delay: 9
--------
22:23:53 Idle detection
22:23:53 Moved mouse to:  (2368, 647)
22:23:53 Delay: 8
--------
22:24:01 Idle detection
22:24:01 Moved mouse to:  (2369, 648)
22:24:01 Delay: 6
--------
22:24:07 Idle detection
22:24:07 Moved mouse to:  (2370, 649)
22:24:07 Delay: 6
--------
22:24:13 Idle detection
22:24:13 Moved mouse to:  (2371, 650)
22:24:13 Delay: 10
--------
22:24:23 Idle detection
22:24:23 Moved mouse to:  (2372, 651)
22:24:23 Delay: 8
--------
22:24:31 Idle detection
22:24:31 Moved mouse to:  (2373, 652)
22:24:31 Delay: 5
--------
22:24:36 Idle detection
22:24:36 Moved mouse to:  (2374, 653)
22:24:36 Delay: 9
--------
22:24:45 User activity detected
22:24:45 Delay: 10
--------
22:24:55 User activity detected
22:24:55 Delay: 9
--------
22:25:04 User activity detected
22:25:04 Delay: 6
--------
22:25:10 User activity detected
22:25:10 Delay: 9
--------
22:25:19 User activity detected
22:25:19 Delay: 9
--------
22:25:28 User activity detected
22:25:28 Delay: 9
--------
22:25:37 Idle detection
22:25:37 Moved mouse to:  (1076, 1779)
22:25:37 Delay: 10
--------
22:25:47 Idle detection
22:25:47 Moved mouse to:  (1077, 1780)
22:25:47 Delay: 4
--------
22:25:51 Idle detection
22:25:51 Moved mouse to:  (1078, 1781)
22:25:51 Delay: 7
--------
22:25:58 Idle detection
22:25:58 Moved mouse to:  (1079, 1782)
22:25:58 Delay: 10
--------
22:26:08 User activity detected
22:26:08 Delay: 9
--------
22:26:17 User activity detected
22:26:17 Delay: 5
--------
22:26:22 User activity detected
22:26:22 Delay: 7
--------
22:26:29 User activity detected
22:26:29 Delay: 9
--------
22:26:38 Idle detection
22:26:38 Moved mouse to:  (874, 705)
22:26:38 Delay: 10
--------
22:26:48 Idle detection
22:26:48 Moved mouse to:  (875, 706)
22:26:48 Delay: 10
--------
22:26:58 User activity detected
22:26:58 Delay: 9
--------
22:27:07 User activity detected
22:27:07 Delay: 9
--------
22:27:16 User activity detected
22:27:16 Delay: 10
--------
22:27:26 User activity detected
22:27:26 Delay: 10
--------
22:27:36 Idle detection
22:27:36 Moved mouse to:  (2380, 662)
22:27:36 Delay: 10
--------
22:27:46 User activity detected
22:27:46 Delay: 7
--------
22:27:53 User activity detected
22:27:53 Delay: 7
--------
22:28:00 User activity detected
22:28:00 Delay: 8
--------
22:28:08 User activity detected
22:28:08 Delay: 5
--------
22:28:13 User activity detected
22:28:13 Delay: 4
--------
22:28:17 Idle detection
22:28:17 Moved mouse to:  (2368, 392)
22:28:17 Delay: 8
--------
22:28:25 User activity detected
22:28:25 Delay: 8
--------
22:28:33 User activity detected
22:28:33 Delay: 8
--------
22:28:41 User activity detected
22:28:41 Delay: 4
--------
22:28:45 User activity detected
22:28:45 Delay: 5
--------
22:28:50 User activity detected
22:28:50 Delay: 7
--------
22:28:57 User activity detected
22:28:57 Delay: 9
--------
22:29:06 Idle detection
22:29:06 Moved mouse to:  (829, 544)
22:29:06 Delay: 4
--------
22:29:10 User activity detected
22:29:10 Delay: 10
--------
22:29:20 Idle detection
22:29:20 Moved mouse to:  (2300, 573)
22:29:20 Delay: 9
--------
22:29:29 Idle detection
22:29:29 Moved mouse to:  (2301, 574)
22:29:29 Delay: 4
--------
22:29:33 Idle detection
22:29:33 Moved mouse to:  (2302, 575)
22:29:33 Delay: 9
--------
22:29:42 User activity detected
22:29:42 Delay: 4
--------
22:29:46 Idle detection
22:29:46 Moved mouse to:  (873, 744)
22:29:46 Delay: 4
--------
22:29:50 User activity detected
22:29:50 Delay: 6
--------
22:29:56 User activity detected
22:29:56 Delay: 4
--------
22:30:00 User activity detected
22:30:00 Delay: 5
--------
22:30:05 User activity detected
22:30:05 Delay: 4
--------
22:30:09 User activity detected
22:30:09 Delay: 5
--------
22:30:14 User activity detected
22:30:14 Delay: 4
--------
22:30:18 User activity detected
22:30:18 Delay: 6
--------
22:30:24 User activity detected
22:30:24 Delay: 7
--------
22:30:31 User activity detected
22:30:31 Delay: 4
--------
22:30:35 Idle detection
22:30:35 Moved mouse to:  (2311, 808)
22:30:35 Delay: 4
--------
22:30:39 User activity detected
22:30:39 Delay: 5
--------
22:30:44 User activity detected
22:30:44 Delay: 8
--------
22:30:52 User activity detected
22:30:52 Delay: 4
--------
22:30:56 Idle detection
22:30:56 Moved mouse to:  (2341, 720)
22:30:56 Delay: 9
--------
22:31:05 User activity detected
22:31:05 Delay: 9
--------
22:31:14 Idle detection
22:31:14 Moved mouse to:  (2397, 705)
22:31:14 Delay: 9
--------
22:31:24 Idle detection
22:31:24 Moved mouse to:  (2398, 706)
22:31:24 Delay: 9
--------
22:31:33 Idle detection
22:31:33 Moved mouse to:  (2399, 707)
22:31:33 Delay: 9
--------
22:31:42 Idle detection
22:31:42 Moved mouse to:  (2400, 708)
22:31:42 Delay: 6
--------
22:31:48 User activity detected
22:31:48 Delay: 7
--------
22:31:55 User activity detected
22:31:55 Delay: 7
--------
22:32:02 User activity detected
22:32:02 Delay: 8
--------
22:32:10 User activity detected
22:32:10 Delay: 4
--------
22:32:14 User activity detected
22:32:14 Delay: 7
--------
22:32:21 User activity detected
22:32:21 Delay: 10
--------
22:32:31 User activity detected
22:32:31 Delay: 8
--------
22:32:39 User activity detected
22:32:39 Delay: 8
--------
22:32:47 User activity detected
22:32:47 Delay: 7
--------
22:32:54 User activity detected
22:32:54 Delay: 5
--------
22:32:59 User activity detected
22:32:59 Delay: 4
--------
22:33:03 User activity detected
22:33:03 Delay: 7
--------
22:33:10 User activity detected
22:33:10 Delay: 7
--------
22:33:17 User activity detected
22:33:17 Delay: 5
--------
22:33:22 User activity detected
22:33:22 Delay: 9
--------
22:33:31 User activity detected
22:33:31 Delay: 6
--------
22:33:37 Idle detection
22:33:37 Moved mouse to:  (804, 744)
22:33:37 Delay: 9
--------
22:33:46 User activity detected
22:33:46 Delay: 4
--------
22:33:50 User activity detected
22:33:50 Delay: 7
--------
22:33:57 User activity detected
22:33:57 Delay: 7
--------
22:34:04 User activity detected
22:34:04 Delay: 7
--------
22:34:11 User activity detected
22:34:11 Delay: 9
--------
22:34:20 User activity detected
22:34:20 Delay: 10
--------
22:34:30 User activity detected
22:34:30 Delay: 7
--------
22:34:37 User activity detected
22:34:37 Delay: 9
--------
22:34:46 User activity detected
22:34:46 Delay: 4
--------
22:34:50 User activity detected
22:34:50 Delay: 7
--------
22:34:57 User activity detected
22:34:57 Delay: 7
--------
22:35:04 User activity detected
22:35:04 Delay: 8
--------
22:35:12 User activity detected
22:35:12 Delay: 8
--------
22:35:20 User activity detected
22:35:20 Delay: 10
--------
22:35:30 User activity detected
22:35:30 Delay: 7
--------
22:35:37 User activity detected
22:35:37 Delay: 4
--------
22:35:41 Idle detection
22:35:41 Moved mouse to:  (877, 685)
22:35:41 Delay: 9
--------
22:35:50 User activity detected
22:35:50 Delay: 8
--------
22:35:58 User activity detected
22:35:58 Delay: 6
--------
22:36:04 User activity detected
22:36:04 Delay: 7
--------
22:36:11 User activity detected
22:36:11 Delay: 4
--------
22:36:15 User activity detected
22:36:15 Delay: 8
--------
22:36:23 User activity detected
22:36:23 Delay: 6
--------
22:36:29 Idle detection
22:36:29 Moved mouse to:  (853, 686)
22:36:29 Delay: 7
--------
22:36:36 Idle detection
22:36:36 Moved mouse to:  (854, 687)
22:36:36 Delay: 8
--------
22:36:44 Idle detection
22:36:44 Moved mouse to:  (855, 688)
22:36:44 Delay: 10
--------
22:36:54 User activity detected
22:36:54 Delay: 4
--------
22:36:58 User activity detected
22:36:58 Delay: 7
--------
22:37:05 User activity detected
22:37:05 Delay: 7
--------
22:37:12 User activity detected
22:37:12 Delay: 6
--------
22:37:18 User activity detected
22:37:18 Delay: 4
--------
22:37:22 User activity detected
22:37:22 Delay: 6
--------
22:37:28 User activity detected
22:37:28 Delay: 10
--------
22:37:38 User activity detected
22:37:38 Delay: 10
--------
22:37:48 Idle detection
22:37:48 Moved mouse to:  (830, 806)
22:37:48 Delay: 5
--------
22:37:53 Idle detection
22:37:53 Moved mouse to:  (831, 807)
22:37:53 Delay: 4
--------
22:37:57 User activity detected
22:37:57 Delay: 6
--------
22:38:03 User activity detected
22:38:03 Delay: 8
--------
22:38:11 Idle detection
22:38:11 Moved mouse to:  (835, 621)
22:38:11 Delay: 8
--------
22:38:19 User activity detected
22:38:19 Delay: 8
--------
22:38:27 User activity detected
22:38:27 Delay: 8
--------
22:38:35 User activity detected
22:38:35 Delay: 6
--------
22:38:41 User activity detected
22:38:41 Delay: 8
--------
22:38:49 User activity detected
22:38:49 Delay: 6
--------
22:38:55 User activity detected
22:38:55 Delay: 6
--------
22:39:01 User activity detected
22:39:01 Delay: 8
--------
22:39:09 User activity detected
22:39:09 Delay: 9
--------
22:39:18 User activity detected
22:39:18 Delay: 8
--------
22:39:26 User activity detected
22:39:26 Delay: 9
--------
22:39:35 Idle detection
22:39:35 Moved mouse to:  (1011, 2108)
22:39:35 Delay: 8
--------
22:39:43 Idle detection
22:39:43 Moved mouse to:  (1012, 2109)
22:39:43 Delay: 5
--------
22:39:48 Idle detection
22:39:48 Moved mouse to:  (1013, 2110)
22:39:48 Delay: 4
--------
22:39:52 Idle detection
22:39:52 Moved mouse to:  (1014, 2111)
22:39:52 Delay: 5
--------
22:39:57 Idle detection
22:39:57 Moved mouse to:  (1015, 2112)
22:39:57 Delay: 8
--------
22:40:05 User activity detected
22:40:05 Delay: 7
--------
22:40:12 User activity detected
22:40:12 Delay: 8
--------
22:40:20 User activity detected
22:40:20 Delay: 7
--------
22:40:27 User activity detected
22:40:27 Delay: 10
--------
22:40:37 User activity detected
22:40:37 Delay: 4
--------
22:40:41 User activity detected
22:40:41 Delay: 5
--------
22:40:46 Idle detection
22:40:46 Moved mouse to:  (681, 1704)
22:40:46 Delay: 7
--------
22:40:53 Idle detection
22:40:53 Moved mouse to:  (682, 1705)
22:40:53 Delay: 6
--------
22:40:59 Idle detection
22:40:59 Moved mouse to:  (683, 1706)
22:40:59 Delay: 4
--------
22:41:03 Idle detection
22:41:03 Moved mouse to:  (684, 1707)
22:41:03 Delay: 10
--------
22:41:13 User activity detected
22:41:13 Delay: 10
--------
22:41:23 User activity detected
22:41:23 Delay: 9
--------
22:41:32 User activity detected
22:41:32 Delay: 4
--------
22:41:36 User activity detected
22:41:36 Delay: 9
--------
22:41:45 User activity detected
22:41:45 Delay: 6
--------
22:41:51 User activity detected
22:41:51 Delay: 5
--------
22:41:56 Idle detection
22:41:56 Moved mouse to:  (2298, 571)
22:41:56 Delay: 8
--------
22:42:04 User activity detected
22:42:04 Delay: 4
--------
22:42:08 User activity detected
22:42:08 Delay: 9
--------
22:42:17 User activity detected
22:42:17 Delay: 7
--------
22:42:24 User activity detected
22:42:24 Delay: 6
--------
22:42:30 Idle detection
22:42:30 Moved mouse to:  (638, 1985)
22:42:30 Delay: 8
--------
22:42:38 Idle detection
22:42:38 Moved mouse to:  (639, 1986)
22:42:38 Delay: 6
--------
22:42:44 Idle detection
22:42:44 Moved mouse to:  (640, 1987)
22:42:44 Delay: 8
--------
22:42:52 Idle detection
22:42:52 Moved mouse to:  (641, 1988)
22:42:52 Delay: 8
--------
22:43:00 User activity detected
22:43:00 Delay: 4
--------
22:43:04 User activity detected
22:43:04 Delay: 10
--------
22:43:14 User activity detected
22:43:14 Delay: 6
--------
22:43:20 User activity detected
22:43:20 Delay: 8
--------
22:43:28 User activity detected
22:43:28 Delay: 9
--------
22:43:37 User activity detected
22:43:37 Delay: 10
--------
22:43:47 User activity detected
22:43:47 Delay: 4
--------
22:43:51 User activity detected
22:43:51 Delay: 5
--------
22:43:56 User activity detected
22:43:56 Delay: 9
--------
22:44:05 User activity detected
22:44:05 Delay: 8
--------
22:44:13 Idle detection
22:44:13 Moved mouse to:  (1211, 2200)
22:44:13 Delay: 9
--------
22:44:22 Idle detection
22:44:22 Moved mouse to:  (1212, 2201)
22:44:22 Delay: 6
--------
22:44:28 User activity detected
22:44:28 Delay: 10
--------
22:44:38 User activity detected
22:44:38 Delay: 6
--------
22:44:44 User activity detected
22:44:44 Delay: 10
--------
22:44:54 Idle detection
22:44:54 Moved mouse to:  (749, 2260)
22:44:54 Delay: 7
--------
22:45:01 User activity detected
22:45:01 Delay: 4
--------
22:45:05 User activity detected
22:45:05 Delay: 4
--------
22:45:10 User activity detected
22:45:10 Delay: 8
--------
22:45:18 User activity detected
22:45:18 Delay: 9
--------
22:45:27 User activity detected
22:45:27 Delay: 4
--------
22:45:31 Idle detection
22:45:31 Moved mouse to:  (3871, 1295)
22:45:31 Delay: 6
--------
22:45:37 User activity detected
22:45:37 Delay: 4
--------
22:45:41 Idle detection
22:45:41 Moved mouse to:  (3780, 1365)
22:45:41 Delay: 5
--------
22:45:46 User activity detected
22:45:46 Delay: 10
--------
22:45:56 User activity detected
22:45:56 Delay: 5
--------
22:46:01 User activity detected
22:46:01 Delay: 10
--------
22:46:11 User activity detected
22:46:11 Delay: 8
--------
22:46:19 User activity detected
22:46:19 Delay: 4
--------
22:46:23 User activity detected
22:46:23 Delay: 6
--------
22:46:29 User activity detected
22:46:29 Delay: 7
--------
22:46:36 User activity detected
22:46:36 Delay: 10
--------
22:46:46 User activity detected
22:46:46 Delay: 7
--------
22:46:53 User activity detected
22:46:53 Delay: 6
--------
22:46:59 User activity detected
22:46:59 Delay: 4
--------
22:47:03 User activity detected
22:47:03 Delay: 7
--------
22:47:10 User activity detected
22:47:10 Delay: 6
--------
22:47:16 User activity detected
22:47:16 Delay: 5
--------
22:47:21 User activity detected
22:47:21 Delay: 5
--------
22:47:26 User activity detected
22:47:26 Delay: 10
--------
22:47:36 User activity detected
22:47:36 Delay: 7
--------
22:47:43 User activity detected
22:47:43 Delay: 4
--------
22:47:47 User activity detected
22:47:47 Delay: 7
--------
22:47:54 User activity detected
22:47:54 Delay: 4
--------
22:47:58 User activity detected
22:47:58 Delay: 4
--------
22:48:02 User activity detected
22:48:02 Delay: 8
--------
22:48:10 User activity detected
22:48:10 Delay: 8
--------
22:48:18 User activity detected
22:48:18 Delay: 10
--------
22:48:28 User activity detected
22:48:28 Delay: 9
--------
22:48:37 User activity detected
22:48:37 Delay: 8
--------
22:48:45 User activity detected
22:48:45 Delay: 7
--------
22:48:52 User activity detected
22:48:52 Delay: 7
--------
22:48:59 User activity detected
22:48:59 Delay: 7
--------
22:49:06 User activity detected
22:49:06 Delay: 7
--------
22:49:13 User activity detected
22:49:13 Delay: 6
--------
22:49:19 User activity detected
22:49:19 Delay: 9
--------
22:49:28 User activity detected
22:49:28 Delay: 9
--------
22:49:37 Idle detection
22:49:37 Moved mouse to:  (2045, 1081)
22:49:37 Delay: 6
--------
22:49:43 Idle detection
22:49:43 Moved mouse to:  (2046, 1082)
22:49:43 Delay: 9
--------
22:49:52 Idle detection
22:49:52 Moved mouse to:  (2047, 1083)
22:49:52 Delay: 9
--------
22:50:01 Idle detection
22:50:01 Moved mouse to:  (2048, 1084)
22:50:01 Delay: 4
--------
22:50:05 Idle detection
22:50:05 Moved mouse to:  (2049, 1085)
22:50:05 Delay: 6
--------
22:50:11 Idle detection
22:50:11 Moved mouse to:  (2050, 1086)
22:50:11 Delay: 9
--------
22:50:20 Idle detection
22:50:20 Moved mouse to:  (2051, 1087)
22:50:20 Delay: 6
--------
22:50:26 Idle detection
22:50:26 Moved mouse to:  (2052, 1088)
22:50:26 Delay: 7
--------
22:50:33 Idle detection
22:50:33 Moved mouse to:  (2053, 1089)
22:50:33 Delay: 5
--------
22:50:38 Idle detection
22:50:38 Moved mouse to:  (2054, 1090)
22:50:38 Delay: 10
--------
22:50:48 Idle detection
22:50:48 Moved mouse to:  (2055, 1091)
22:50:48 Delay: 8
--------
22:50:56 Idle detection
22:50:56 Moved mouse to:  (2056, 1092)
22:50:56 Delay: 6
--------
22:51:02 Idle detection
22:51:02 Moved mouse to:  (2057, 1093)
22:51:02 Delay: 6
--------
22:51:08 Idle detection
22:51:08 Moved mouse to:  (2058, 1094)
22:51:08 Delay: 7
--------
22:51:15 Idle detection
22:51:15 Moved mouse to:  (2059, 1095)
22:51:15 Delay: 10
--------
22:51:25 Idle detection
22:51:25 Moved mouse to:  (2060, 1096)
22:51:25 Delay: 7
--------
22:51:32 Idle detection
22:51:32 Moved mouse to:  (2061, 1097)
22:51:32 Delay: 8
--------
22:51:40 Idle detection
22:51:40 Moved mouse to:  (2062, 1098)
22:51:40 Delay: 10
--------
22:51:50 Idle detection
22:51:50 Moved mouse to:  (2063, 1099)
22:51:50 Delay: 8
--------
22:51:58 Idle detection
22:51:58 Moved mouse to:  (2064, 1100)
22:51:58 Delay: 8
--------
22:52:06 Idle detection
22:52:06 Moved mouse to:  (2065, 1101)
22:52:06 Delay: 5
--------
22:52:11 User activity detected
22:52:11 Delay: 8
--------
22:52:19 Idle detection
22:52:19 Moved mouse to:  (2560, 1)
22:52:19 Delay: 6
--------
22:52:25 Idle detection
22:52:25 Moved mouse to:  (2561, 2)
22:52:25 Delay: 9
--------
22:52:34 Idle detection
22:52:34 Moved mouse to:  (2562, 3)
22:52:34 Delay: 5
--------
22:52:39 Idle detection
22:52:39 Moved mouse to:  (2563, 4)
22:52:39 Delay: 5
--------
22:52:44 Idle detection
22:52:44 Moved mouse to:  (2564, 5)
22:52:44 Delay: 4
--------
22:52:48 Idle detection
22:52:48 Moved mouse to:  (2565, 6)
22:52:48 Delay: 6
--------
22:52:54 Idle detection
22:52:54 Moved mouse to:  (2566, 7)
22:52:54 Delay: 6
--------
22:53:00 Idle detection
22:53:00 Moved mouse to:  (2567, 8)
22:53:00 Delay: 6
--------
22:53:06 Idle detection
22:53:06 Moved mouse to:  (2568, 9)
22:53:06 Delay: 8
--------
22:53:14 Idle detection
22:53:14 Moved mouse to:  (2569, 10)
22:53:14 Delay: 10
--------
22:53:24 User activity detected
22:53:24 Delay: 10
--------
22:53:34 User activity detected
22:53:34 Delay: 8
--------
22:53:42 Idle detection
22:53:42 Moved mouse to:  (2561, 1)
22:53:42 Delay: 7
--------
22:53:49 Idle detection
22:53:49 Moved mouse to:  (2562, 2)
22:53:49 Delay: 10
--------
22:53:59 User activity detected
22:53:59 Delay: 6
--------
22:54:05 Idle detection
22:54:05 Moved mouse to:  (2805, 1)
22:54:05 Delay: 7
--------
22:54:12 Idle detection
22:54:12 Moved mouse to:  (2806, 2)
22:54:12 Delay: 9
--------
22:54:21 Idle detection
22:54:21 Moved mouse to:  (2807, 3)
22:54:21 Delay: 8
--------
22:54:29 Idle detection
22:54:29 Moved mouse to:  (2808, 4)
22:54:29 Delay: 10
--------
22:54:39 Idle detection
22:54:39 Moved mouse to:  (2809, 5)
22:54:39 Delay: 5
--------
22:54:44 Idle detection
22:54:44 Moved mouse to:  (2810, 6)
22:54:44 Delay: 7
--------
22:54:51 Idle detection
22:54:51 Moved mouse to:  (2811, 7)
22:54:51 Delay: 5
--------
22:54:56 Idle detection
22:54:56 Moved mouse to:  (2812, 8)
22:54:56 Delay: 7
--------
22:55:03 Idle detection
22:55:03 Moved mouse to:  (2813, 9)
22:55:03 Delay: 5
--------
22:55:08 Idle detection
22:55:08 Moved mouse to:  (2814, 10)
22:55:08 Delay: 7
--------
22:55:15 Idle detection
22:55:15 Moved mouse to:  (2815, 11)
22:55:15 Delay: 5
--------
22:55:20 Idle detection
22:55:20 Moved mouse to:  (2816, 12)
22:55:20 Delay: 9
--------
22:55:29 Idle detection
22:55:29 Moved mouse to:  (2817, 13)
22:55:29 Delay: 6
--------
22:55:35 Idle detection
22:55:35 Moved mouse to:  (2818, 14)
22:55:35 Delay: 8
--------
22:55:43 Idle detection
22:55:43 Moved mouse to:  (2819, 15)
22:55:43 Delay: 6
--------
22:55:49 Idle detection
22:55:49 Moved mouse to:  (2820, 16)
22:55:49 Delay: 8
--------
22:55:57 Idle detection
22:55:57 Moved mouse to:  (2821, 17)
22:55:57 Delay: 9
--------
22:56:06 Idle detection
22:56:06 Moved mouse to:  (2822, 18)
22:56:06 Delay: 6
--------
22:56:12 Idle detection
22:56:12 Moved mouse to:  (2823, 19)
22:56:12 Delay: 7
--------
22:56:19 Idle detection
22:56:19 Moved mouse to:  (2824, 20)
22:56:19 Delay: 5
--------
22:56:24 Idle detection
22:56:24 Moved mouse to:  (2825, 21)
22:56:24 Delay: 10
--------
22:56:34 Idle detection
22:56:34 Moved mouse to:  (2826, 22)
22:56:34 Delay: 4
--------
22:56:38 Idle detection
22:56:38 Moved mouse to:  (2827, 23)
22:56:38 Delay: 8
--------
22:56:46 Idle detection
22:56:46 Moved mouse to:  (2828, 24)
22:56:46 Delay: 8
--------
22:56:54 Idle detection
22:56:54 Moved mouse to:  (2829, 25)
22:56:54 Delay: 10
--------
22:57:04 Idle detection
22:57:04 Moved mouse to:  (2830, 26)
22:57:04 Delay: 6
--------
22:57:10 Idle detection
22:57:10 Moved mouse to:  (2831, 27)
22:57:10 Delay: 6
--------
22:57:16 Idle detection
22:57:16 Moved mouse to:  (2832, 28)
22:57:16 Delay: 9
--------
22:57:25 Idle detection
22:57:25 Moved mouse to:  (2833, 29)
22:57:25 Delay: 5
--------
22:57:30 Idle detection
22:57:30 Moved mouse to:  (2834, 30)
22:57:30 Delay: 4
--------
22:57:35 Idle detection
22:57:35 Moved mouse to:  (2835, 31)
22:57:35 Delay: 10
--------
22:57:45 Idle detection
22:57:45 Moved mouse to:  (2836, 32)
22:57:45 Delay: 6
--------
22:57:51 Idle detection
22:57:51 Moved mouse to:  (2837, 33)
22:57:51 Delay: 9
--------
22:58:00 Idle detection
22:58:00 Moved mouse to:  (2838, 34)
22:58:00 Delay: 8
--------
22:58:08 Idle detection
22:58:08 Moved mouse to:  (2839, 35)
22:58:08 Delay: 9
--------
22:58:17 Idle detection
22:58:17 Moved mouse to:  (2840, 36)
22:58:17 Delay: 6
--------
22:58:23 Idle detection
22:58:23 Moved mouse to:  (2841, 37)
22:58:23 Delay: 5
--------
22:58:28 Idle detection
22:58:28 Moved mouse to:  (2842, 38)
22:58:28 Delay: 10
--------
22:58:38 Idle detection
22:58:38 Moved mouse to:  (2843, 39)
22:58:38 Delay: 6
--------
22:58:44 Idle detection
22:58:44 Moved mouse to:  (2844, 40)
22:58:44 Delay: 10
--------
22:58:54 Idle detection
22:58:54 Moved mouse to:  (2845, 41)
22:58:54 Delay: 7
--------
22:59:01 Idle detection
22:59:01 Moved mouse to:  (2846, 42)
22:59:01 Delay: 9
--------
22:59:10 Idle detection
22:59:10 Moved mouse to:  (2847, 43)
22:59:10 Delay: 5
--------
22:59:15 Idle detection
22:59:15 Moved mouse to:  (2848, 44)
22:59:15 Delay: 7
--------
22:59:22 Idle detection
22:59:22 Moved mouse to:  (2849, 45)
22:59:22 Delay: 4
--------
22:59:26 Idle detection
22:59:26 Moved mouse to:  (2850, 46)
22:59:26 Delay: 7
--------
22:59:33 Idle detection
22:59:33 Moved mouse to:  (2851, 47)
22:59:33 Delay: 4
--------
22:59:37 Idle detection
22:59:37 Moved mouse to:  (2852, 48)
22:59:37 Delay: 8
--------
22:59:45 Idle detection
22:59:45 Moved mouse to:  (2853, 49)
22:59:45 Delay: 9
--------
22:59:54 Idle detection
22:59:54 Moved mouse to:  (2854, 50)
22:59:54 Delay: 4
--------
22:59:58 Idle detection
22:59:58 Moved mouse to:  (2855, 51)
22:59:58 Delay: 10
--------
23:00:08 Idle detection
23:00:08 Moved mouse to:  (2856, 52)
23:00:08 Delay: 9
--------
23:00:17 Idle detection
23:00:17 Moved mouse to:  (2857, 53)
23:00:17 Delay: 4
--------
23:00:21 Idle detection
23:00:21 Moved mouse to:  (2858, 54)
23:00:21 Delay: 9
--------
23:00:30 Idle detection
23:00:30 Moved mouse to:  (2859, 55)
23:00:30 Delay: 5
--------
23:00:35 Idle detection
23:00:35 Moved mouse to:  (2860, 56)
23:00:35 Delay: 10
--------
23:00:45 Idle detection
23:00:45 Moved mouse to:  (2861, 57)
23:00:45 Delay: 6
--------
23:00:51 Idle detection
23:00:51 Moved mouse to:  (2862, 58)
23:00:51 Delay: 9
--------
23:01:00 Idle detection
23:01:00 Moved mouse to:  (2863, 59)
23:01:00 Delay: 4
--------
23:01:04 Idle detection
23:01:04 Moved mouse to:  (2864, 60)
23:01:04 Delay: 10
--------
23:01:14 Idle detection
23:01:14 Moved mouse to:  (2865, 61)
23:01:14 Delay: 7
--------
23:01:21 Idle detection
23:01:21 Moved mouse to:  (2866, 62)
23:01:21 Delay: 10
--------
23:01:31 Idle detection
23:01:31 Moved mouse to:  (2867, 63)
23:01:31 Delay: 9
--------
23:01:40 Idle detection
23:01:40 Moved mouse to:  (2868, 64)
23:01:40 Delay: 4
--------
23:01:44 Idle detection
23:01:44 Moved mouse to:  (2869, 65)
23:01:44 Delay: 7
--------
23:01:51 Idle detection
23:01:51 Moved mouse to:  (2870, 66)
23:01:51 Delay: 6
--------
23:01:57 Idle detection
23:01:57 Moved mouse to:  (2871, 67)
23:01:57 Delay: 6
--------
23:02:03 Idle detection
23:02:03 Moved mouse to:  (2872, 68)
23:02:03 Delay: 7
--------
23:02:10 Idle detection
23:02:10 Moved mouse to:  (2873, 69)
23:02:10 Delay: 8
--------
23:02:18 Idle detection
23:02:18 Moved mouse to:  (2874, 70)
23:02:18 Delay: 9
--------
23:02:27 Idle detection
23:02:27 Moved mouse to:  (2875, 71)
23:02:27 Delay: 5
--------
23:02:32 Idle detection
23:02:32 Moved mouse to:  (2876, 72)
23:02:32 Delay: 7
--------
23:02:39 Idle detection
23:02:39 Moved mouse to:  (2877, 73)
23:02:39 Delay: 9
--------
23:02:48 Idle detection
23:02:48 Moved mouse to:  (2878, 74)
23:02:48 Delay: 10
--------
23:02:58 Idle detection
23:02:58 Moved mouse to:  (2879, 75)
23:02:58 Delay: 5
--------
23:03:03 Idle detection
23:03:03 Moved mouse to:  (2880, 76)
23:03:03 Delay: 8
--------
23:03:11 Idle detection
23:03:11 Moved mouse to:  (2881, 77)
23:03:11 Delay: 4
--------
23:03:15 Idle detection
23:03:15 Moved mouse to:  (2882, 78)
23:03:15 Delay: 9
--------
23:03:24 Idle detection
23:03:24 Moved mouse to:  (2883, 79)
23:03:24 Delay: 10
--------
23:03:34 Idle detection
23:03:34 Moved mouse to:  (2884, 80)
23:03:34 Delay: 4
--------
23:03:38 Idle detection
23:03:38 Moved mouse to:  (2885, 81)
23:03:38 Delay: 8
--------
23:03:46 Idle detection
23:03:46 Moved mouse to:  (2886, 82)
23:03:46 Delay: 4
--------
23:03:50 Idle detection
23:03:50 Moved mouse to:  (2887, 83)
23:03:50 Delay: 10
--------
23:04:00 Idle detection
23:04:00 Moved mouse to:  (2888, 84)
23:04:00 Delay: 4
--------
23:04:04 Idle detection
23:04:04 Moved mouse to:  (2889, 85)
23:04:04 Delay: 9
--------
23:04:13 User activity detected
23:04:13 Delay: 8
--------
23:04:21 Idle detection
23:04:21 Moved mouse to:  (1427, 1367)
23:04:21 Delay: 10
--------
23:04:31 Idle detection
23:04:31 Moved mouse to:  (1428, 1368)
23:04:31 Delay: 7
--------
23:04:38 Idle detection
23:04:38 Moved mouse to:  (1429, 1369)
23:04:38 Delay: 7
--------
23:04:45 Idle detection
23:04:45 Moved mouse to:  (1430, 1370)
23:04:45 Delay: 7
--------
23:04:52 Idle detection
23:04:52 Moved mouse to:  (1431, 1371)
23:04:52 Delay: 6
--------
23:04:58 Idle detection
23:04:58 Moved mouse to:  (1432, 1372)
23:04:58 Delay: 8
--------
23:05:06 Idle detection
23:05:06 Moved mouse to:  (1433, 1373)
23:05:06 Delay: 6
--------
23:05:12 Idle detection
23:05:12 Moved mouse to:  (1434, 1374)
23:05:12 Delay: 6
--------
23:05:18 Idle detection
23:05:18 Moved mouse to:  (1435, 1375)
23:05:18 Delay: 10
--------
23:05:28 Idle detection
23:05:28 Moved mouse to:  (1436, 1376)
23:05:28 Delay: 7
--------
23:05:35 Idle detection
23:05:35 Moved mouse to:  (1437, 1377)
23:05:35 Delay: 8
--------
23:05:43 Idle detection
23:05:43 Moved mouse to:  (1438, 1378)
23:05:43 Delay: 8
--------
23:05:51 Idle detection
23:05:51 Moved mouse to:  (1439, 1379)
23:05:51 Delay: 5
--------
23:05:56 Idle detection
23:05:56 Moved mouse to:  (1440, 1380)
23:05:56 Delay: 5
--------
23:06:01 Idle detection
23:06:01 Moved mouse to:  (1441, 1381)
23:06:01 Delay: 5
--------
23:06:06 Idle detection
23:06:06 Moved mouse to:  (1442, 1382)
23:06:06 Delay: 7
--------
23:06:13 Idle detection
23:06:13 Moved mouse to:  (1443, 1383)
23:06:13 Delay: 4
--------
23:06:17 Idle detection
23:06:17 Moved mouse to:  (1444, 1384)
23:06:17 Delay: 5
--------
23:06:22 Idle detection
23:06:22 Moved mouse to:  (1445, 1385)
23:06:22 Delay: 5
--------
23:06:27 Idle detection
23:06:27 Moved mouse to:  (1446, 1386)
23:06:27 Delay: 5
--------
23:06:32 Idle detection
23:06:32 Moved mouse to:  (1447, 1387)
23:06:32 Delay: 6
--------
23:06:38 Idle detection
23:06:38 Moved mouse to:  (1448, 1388)
23:06:38 Delay: 4
--------
23:06:42 Idle detection
23:06:42 Moved mouse to:  (1449, 1389)
23:06:42 Delay: 9
--------
23:06:51 Idle detection
23:06:51 Moved mouse to:  (1450, 1390)
23:06:51 Delay: 8
--------
23:06:59 Idle detection
23:06:59 Moved mouse to:  (1451, 1391)
23:06:59 Delay: 5
--------
23:07:04 Idle detection
23:07:04 Moved mouse to:  (1452, 1392)
23:07:04 Delay: 8
--------
23:07:12 Idle detection
23:07:12 Moved mouse to:  (1453, 1393)
23:07:12 Delay: 8
--------
23:07:20 Idle detection
23:07:20 Moved mouse to:  (1454, 1394)
23:07:20 Delay: 6
--------
23:07:26 Idle detection
23:07:26 Moved mouse to:  (1455, 1395)
23:07:26 Delay: 9
--------
23:07:35 Idle detection
23:07:35 Moved mouse to:  (1456, 1396)
23:07:35 Delay: 5
--------
23:07:40 Idle detection
23:07:40 Moved mouse to:  (1457, 1397)
23:07:40 Delay: 8
--------
23:07:48 Idle detection
23:07:48 Moved mouse to:  (1458, 1398)
23:07:48 Delay: 10
--------
23:07:58 Idle detection
23:07:58 Moved mouse to:  (1459, 1399)
23:07:58 Delay: 6
--------
23:08:04 Idle detection
23:08:04 Moved mouse to:  (1460, 1400)
23:08:04 Delay: 8
--------
23:08:12 Idle detection
23:08:12 Moved mouse to:  (1461, 1401)
23:08:12 Delay: 9
--------
23:08:21 Idle detection
23:08:21 Moved mouse to:  (1462, 1402)
23:08:21 Delay: 10
--------
23:08:31 Idle detection
23:08:31 Moved mouse to:  (1463, 1403)
23:08:31 Delay: 6
--------
23:08:37 Idle detection
23:08:37 Moved mouse to:  (1464, 1404)
23:08:37 Delay: 9
--------
23:08:46 Idle detection
23:08:46 Moved mouse to:  (1465, 1405)
23:08:46 Delay: 10
--------
23:08:57 Idle detection
23:08:57 Moved mouse to:  (1466, 1406)
23:08:57 Delay: 9
--------
23:09:06 Idle detection
23:09:06 Moved mouse to:  (1467, 1407)
23:09:06 Delay: 10
--------
23:09:16 Idle detection
23:09:16 Moved mouse to:  (1468, 1408)
23:09:16 Delay: 10
--------
23:09:26 Idle detection
23:09:26 Moved mouse to:  (1469, 1409)
23:09:26 Delay: 8
--------
23:09:34 Idle detection
23:09:34 Moved mouse to:  (1470, 1410)
23:09:34 Delay: 6
--------
23:09:40 Idle detection
23:09:40 Moved mouse to:  (1471, 1411)
23:09:40 Delay: 10
--------
23:09:50 Idle detection
23:09:50 Moved mouse to:  (1472, 1412)
23:09:50 Delay: 4
--------
23:09:54 Idle detection
23:09:54 Moved mouse to:  (1473, 1413)
23:09:54 Delay: 8
--------
23:10:02 Idle detection
23:10:02 Moved mouse to:  (1474, 1414)
23:10:02 Delay: 9
--------
23:10:11 Idle detection
23:10:11 Moved mouse to:  (1475, 1415)
23:10:11 Delay: 10
--------
23:10:21 Idle detection
23:10:21 Moved mouse to:  (1476, 1416)
23:10:21 Delay: 8
--------
23:10:29 Idle detection
23:10:29 Moved mouse to:  (1477, 1417)
23:10:29 Delay: 10
--------
23:10:39 Idle detection
23:10:39 Moved mouse to:  (1478, 1418)
23:10:39 Delay: 7
--------
23:10:46 Idle detection
23:10:46 Moved mouse to:  (1479, 1419)
23:10:46 Delay: 5
--------
23:10:51 Idle detection
23:10:51 Moved mouse to:  (1480, 1420)
23:10:51 Delay: 7
--------
23:10:58 Idle detection
23:10:58 Moved mouse to:  (1481, 1421)
23:10:58 Delay: 9
--------
23:11:07 Idle detection
23:11:07 Moved mouse to:  (1482, 1422)
23:11:07 Delay: 10
--------
23:11:17 Idle detection
23:11:17 Moved mouse to:  (1483, 1423)
23:11:17 Delay: 9
--------
23:11:26 User activity detected
23:11:26 Delay: 5
--------
23:11:31 User activity detected
23:11:31 Delay: 4
--------
23:11:35 User activity detected
23:11:35 Delay: 6
--------
23:11:41 Idle detection
23:11:41 Moved mouse to:  (2065, 827)
23:11:41 Delay: 5
--------
23:11:46 User activity detected
23:11:46 Delay: 9
--------
23:11:55 User activity detected
23:11:55 Delay: 5
--------
23:12:00 User activity detected
23:12:00 Delay: 8
--------
23:12:08 User activity detected
23:12:08 Delay: 9
--------
23:12:17 User activity detected
23:12:17 Delay: 10
--------
23:12:27 User activity detected
23:12:27 Delay: 5
--------
23:12:32 User activity detected
23:12:32 Delay: 8
--------
23:12:40 Idle detection
23:12:40 Moved mouse to:  (3410, 185)
23:12:40 Delay: 5
--------
23:12:45 User activity detected
23:12:45 Delay: 8
--------
23:12:53 User activity detected
23:12:53 Delay: 8
--------
23:13:01 User activity detected
23:13:01 Delay: 8
--------
23:13:09 User activity detected
23:13:09 Delay: 5
--------
23:13:14 User activity detected
23:13:14 Delay: 5
--------
23:13:19 User activity detected
23:13:19 Delay: 7
--------
23:13:26 Idle detection
23:13:26 Moved mouse to:  (705, 1802)
23:13:26 Delay: 9
--------
23:13:35 User activity detected
23:13:35 Delay: 6
--------
23:13:41 User activity detected
23:13:41 Delay: 8
--------
23:13:49 User activity detected
23:13:49 Delay: 6
--------
23:13:55 User activity detected
23:13:55 Delay: 6
--------
23:14:01 User activity detected
23:14:01 Delay: 5
--------
23:14:06 User activity detected
23:14:06 Delay: 7
--------
23:14:13 User activity detected
23:14:13 Delay: 5
--------
23:14:18 User activity detected
23:14:18 Delay: 5
--------
23:14:23 User activity detected
23:14:23 Delay: 4
--------
23:14:27 User activity detected
23:14:27 Delay: 9
--------
23:14:36 User activity detected
23:14:36 Delay: 8
--------
23:14:44 User activity detected
23:14:44 Delay: 10
--------
23:14:54 User activity detected
23:14:54 Delay: 6
--------
23:15:00 User activity detected
23:15:00 Delay: 6
--------
23:15:06 User activity detected
23:15:06 Delay: 6
--------
23:15:12 User activity detected
23:15:12 Delay: 6
--------
23:15:18 User activity detected
23:15:18 Delay: 9
--------
23:15:27 User activity detected
23:15:27 Delay: 9
--------
23:15:36 User activity detected
23:15:36 Delay: 4
--------
23:15:40 Idle detection
23:15:40 Moved mouse to:  (3596, 498)
23:15:40 Delay: 8
--------
23:15:48 User activity detected
23:15:48 Delay: 8
--------
23:15:56 User activity detected
23:15:56 Delay: 4
--------
23:16:00 User activity detected
23:16:00 Delay: 8
--------
23:16:08 User activity detected
23:16:08 Delay: 9
--------
23:16:17 User activity detected
23:16:17 Delay: 8
--------
23:16:25 User activity detected
23:16:25 Delay: 8
--------
23:16:33 User activity detected
23:16:33 Delay: 4
--------
23:16:37 User activity detected
23:16:37 Delay: 5
--------
23:16:42 User activity detected
23:16:42 Delay: 4
--------
23:16:46 User activity detected
23:16:46 Delay: 6
--------
23:16:52 User activity detected
23:16:52 Delay: 4
--------
23:16:56 User activity detected
23:16:56 Delay: 7
--------
23:17:03 User activity detected
23:17:03 Delay: 7
--------
23:17:10 User activity detected
23:17:10 Delay: 9
--------
23:17:19 User activity detected
23:17:19 Delay: 4
--------
23:17:23 User activity detected
23:17:23 Delay: 10
--------
23:17:33 User activity detected
23:17:33 Delay: 7
--------
23:17:40 Idle detection
23:17:40 Moved mouse to:  (1001, 892)
23:17:40 Delay: 6
--------
23:17:46 Idle detection
23:17:46 Moved mouse to:  (1002, 893)
23:17:46 Delay: 4
--------
23:17:50 Idle detection
23:17:50 Moved mouse to:  (1003, 894)
23:17:50 Delay: 5
--------
23:17:55 Idle detection
23:17:55 Moved mouse to:  (1004, 895)
23:17:55 Delay: 5
--------
23:18:00 Idle detection
23:18:00 Moved mouse to:  (1005, 896)
23:18:00 Delay: 10
--------
23:18:10 Idle detection
23:18:10 Moved mouse to:  (1006, 897)
23:18:10 Delay: 9
--------
23:18:19 Idle detection
23:18:19 Moved mouse to:  (1007, 898)
23:18:19 Delay: 6
--------
23:18:25 Idle detection
23:18:25 Moved mouse to:  (1008, 899)
23:18:25 Delay: 4
--------
23:18:29 Idle detection
23:18:29 Moved mouse to:  (1009, 900)
23:18:29 Delay: 5
--------
23:18:34 Idle detection
23:18:34 Moved mouse to:  (1010, 901)
23:18:34 Delay: 10
--------
23:18:44 Idle detection
23:18:44 Moved mouse to:  (1011, 902)
23:18:44 Delay: 9
--------
23:18:53 Idle detection
23:18:53 Moved mouse to:  (1012, 903)
23:18:53 Delay: 4
--------
23:18:57 Idle detection
23:18:57 Moved mouse to:  (1013, 904)
23:18:57 Delay: 4
--------
23:19:01 Idle detection
23:19:01 Moved mouse to:  (1014, 905)
23:19:01 Delay: 7
--------
23:19:08 Idle detection
23:19:08 Moved mouse to:  (1015, 906)
23:19:08 Delay: 4
--------
23:19:12 Idle detection
23:19:12 Moved mouse to:  (1016, 907)
23:19:12 Delay: 5
--------
23:19:17 Idle detection
23:19:17 Moved mouse to:  (1017, 908)
23:19:17 Delay: 7
--------
23:19:24 Idle detection
23:19:24 Moved mouse to:  (1018, 909)
23:19:24 Delay: 6
--------
23:19:30 Idle detection
23:19:30 Moved mouse to:  (1019, 910)
23:19:30 Delay: 9
--------
23:19:39 Idle detection
23:19:39 Moved mouse to:  (1020, 911)
23:19:39 Delay: 6
--------
23:19:45 Idle detection
23:19:45 Moved mouse to:  (1021, 912)
23:19:45 Delay: 4
--------
23:19:49 Idle detection
23:19:49 Moved mouse to:  (1022, 913)
23:19:49 Delay: 4
--------
23:19:53 Idle detection
23:19:53 Moved mouse to:  (1023, 914)
23:19:53 Delay: 5
--------
23:19:58 Idle detection
23:19:58 Moved mouse to:  (1024, 915)
23:19:58 Delay: 6
--------
23:20:04 Idle detection
23:20:04 Moved mouse to:  (1025, 916)
23:20:04 Delay: 7
--------
23:20:11 Idle detection
23:20:11 Moved mouse to:  (1026, 917)
23:20:11 Delay: 10
--------
23:20:21 User activity detected
23:20:21 Delay: 6
--------
23:20:27 User activity detected
23:20:27 Delay: 8
--------
23:20:35 User activity detected
23:20:35 Delay: 10
--------
23:20:45 User activity detected
23:20:45 Delay: 6
--------
23:20:51 Idle detection
23:20:51 Moved mouse to:  (2405, 69)
23:20:51 Delay: 4
--------
23:20:55 User activity detected
23:20:55 Delay: 7
--------
23:21:02 User activity detected
23:21:02 Delay: 5
--------
23:21:07 User activity detected
23:21:07 Delay: 10
--------
23:21:17 User activity detected
23:21:17 Delay: 6
--------
23:21:23 User activity detected
23:21:23 Delay: 8
--------
23:21:32 User activity detected
23:21:32 Delay: 10
--------
23:21:42 User activity detected
23:21:42 Delay: 6
--------
23:21:48 User activity detected
23:21:48 Delay: 9
--------
23:21:57 User activity detected
23:21:57 Delay: 4
--------
23:22:01 User activity detected
23:22:01 Delay: 5
--------
23:22:06 User activity detected
23:22:06 Delay: 5
--------
23:22:11 User activity detected
23:22:11 Delay: 10
--------
23:22:21 User activity detected
23:22:21 Delay: 6
--------
23:22:27 Idle detection
23:22:27 Moved mouse to:  (1891, 792)
23:22:27 Delay: 6
--------
23:22:33 Idle detection
23:22:33 Moved mouse to:  (1892, 793)
23:22:33 Delay: 4
--------
23:22:37 Idle detection
23:22:37 Moved mouse to:  (1893, 794)
23:22:37 Delay: 5
--------
23:22:42 Idle detection
23:22:42 Moved mouse to:  (1894, 795)
23:22:42 Delay: 6
--------
23:22:48 User activity detected
23:22:48 Delay: 7
--------
23:22:55 User activity detected
23:22:55 Delay: 10
--------
23:23:05 User activity detected
23:23:05 Delay: 4
--------
23:23:09 User activity detected
23:23:09 Delay: 6
--------
23:23:15 User activity detected
23:23:15 Delay: 6
--------
23:23:21 User activity detected
23:23:21 Delay: 7
--------
23:23:28 User activity detected
23:23:28 Delay: 6
--------
23:23:34 User activity detected
23:23:34 Delay: 10
--------
23:23:44 User activity detected
23:23:44 Delay: 10
--------
23:23:54 Idle detection
23:23:54 Moved mouse to:  (1377, 2324)
23:23:54 Delay: 7
--------
23:24:01 Idle detection
23:24:01 Moved mouse to:  (1378, 2325)
23:24:01 Delay: 9
--------
23:24:10 User activity detected
23:24:10 Delay: 5
--------
23:24:15 Idle detection
23:24:15 Moved mouse to:  (768, 2291)
23:24:15 Delay: 4
--------
23:24:19 Idle detection
23:24:19 Moved mouse to:  (769, 2292)
23:24:19 Delay: 8
--------
23:24:27 Idle detection
23:24:27 Moved mouse to:  (770, 2293)
23:24:27 Delay: 5
--------
23:24:32 Idle detection
23:24:32 Moved mouse to:  (771, 2294)
23:24:32 Delay: 4
--------
23:24:36 User activity detected
23:24:36 Delay: 6
--------
23:24:42 User activity detected
23:24:42 Delay: 7
--------
23:24:49 User activity detected
23:24:49 Delay: 6
--------
23:24:55 User activity detected
23:24:55 Delay: 9
--------
23:25:04 User activity detected
23:25:04 Delay: 5
--------
23:25:09 User activity detected
23:25:09 Delay: 9
--------
23:25:18 Idle detection
23:25:18 Moved mouse to:  (1554, 1068)
23:25:18 Delay: 8
--------
23:25:26 Idle detection
23:25:26 Moved mouse to:  (1555, 1069)
23:25:26 Delay: 7
--------
23:25:33 Idle detection
23:25:33 Moved mouse to:  (1556, 1070)
23:25:33 Delay: 9
--------
23:25:42 User activity detected
23:25:42 Delay: 9
--------
23:25:51 User activity detected
23:25:51 Delay: 10
--------
23:26:01 Idle detection
23:26:01 Moved mouse to:  (1050, 855)
23:26:01 Delay: 4
--------
23:26:05 Idle detection
23:26:05 Moved mouse to:  (1051, 856)
23:26:05 Delay: 4
--------
23:26:09 Idle detection
23:26:09 Moved mouse to:  (1052, 857)
23:26:09 Delay: 6
--------
23:26:15 Idle detection
23:26:15 Moved mouse to:  (1053, 858)
23:26:15 Delay: 5
--------
23:26:20 Idle detection
23:26:20 Moved mouse to:  (1054, 859)
23:26:20 Delay: 4
--------
23:26:24 Idle detection
23:26:24 Moved mouse to:  (1055, 860)
23:26:24 Delay: 6
--------
23:26:30 Idle detection
23:26:30 Moved mouse to:  (1056, 861)
23:26:30 Delay: 8
--------
23:26:38 Idle detection
23:26:38 Moved mouse to:  (1057, 862)
23:26:38 Delay: 7
--------
23:26:45 User activity detected
23:26:45 Delay: 5
--------
23:26:50 User activity detected
23:26:50 Delay: 6
--------
23:26:56 Idle detection
23:26:56 Moved mouse to:  (1601, 2374)
23:26:56 Delay: 10
--------
23:27:06 User activity detected
23:27:06 Delay: 5
--------
23:27:11 User activity detected
23:27:11 Delay: 6
--------
23:27:17 Idle detection
23:27:17 Moved mouse to:  (1603, 1059)
23:27:17 Delay: 5
--------
23:27:22 Idle detection
23:27:22 Moved mouse to:  (1604, 1060)
23:27:22 Delay: 8
--------
23:27:30 User activity detected
23:27:30 Delay: 4
--------
23:27:34 User activity detected
23:27:34 Delay: 5
--------
23:27:39 User activity detected
23:27:39 Delay: 4
--------
23:27:43 User activity detected
23:27:43 Delay: 8
--------
23:27:51 User activity detected
23:27:51 Delay: 10
--------
23:28:01 User activity detected
23:28:01 Delay: 4
--------
23:28:05 User activity detected
23:28:05 Delay: 6
--------
23:28:11 Idle detection
23:28:11 Moved mouse to:  (1586, 2410)
23:28:11 Delay: 6
--------
23:28:17 Idle detection
23:28:17 Moved mouse to:  (1587, 2411)
23:28:17 Delay: 9
--------
23:28:26 User activity detected
23:28:26 Delay: 10
--------
23:28:36 User activity detected
23:28:36 Delay: 5
--------
23:28:41 Idle detection
23:28:41 Moved mouse to:  (1066, 1062)
23:28:41 Delay: 8
--------
23:28:49 Idle detection
23:28:49 Moved mouse to:  (1067, 1063)
23:28:49 Delay: 7
--------
23:28:56 User activity detected
23:28:56 Delay: 4
--------
23:29:00 User activity detected
23:29:00 Delay: 9
--------
23:29:09 User activity detected
23:29:09 Delay: 10
--------
23:29:19 User activity detected
23:29:19 Delay: 7
--------
23:29:26 User activity detected
23:29:26 Delay: 4
--------
23:29:30 User activity detected
23:29:30 Delay: 7
--------
23:29:37 User activity detected
23:29:37 Delay: 4
--------
23:29:41 User activity detected
23:29:41 Delay: 6
--------
23:29:47 User activity detected
23:29:47 Delay: 4
--------
23:29:51 User activity detected
23:29:51 Delay: 10
--------
23:30:01 User activity detected
23:30:01 Delay: 4
--------
23:30:05 Idle detection
23:30:05 Moved mouse to:  (681, 646)
23:30:05 Delay: 6
--------
23:30:11 User activity detected
23:30:11 Delay: 8
--------
23:30:19 User activity detected
23:30:19 Delay: 4
--------
23:30:23 User activity detected
23:30:23 Delay: 8
--------
23:30:31 User activity detected
23:30:31 Delay: 8
--------
23:30:39 User activity detected
23:30:39 Delay: 10
--------
23:30:49 User activity detected
23:30:49 Delay: 6
--------
23:30:55 User activity detected
23:30:55 Delay: 7
--------
23:31:02 User activity detected
23:31:02 Delay: 4
--------
23:31:06 User activity detected
23:31:06 Delay: 7
--------
23:31:13 User activity detected
23:31:13 Delay: 8
--------
23:31:21 User activity detected
23:31:21 Delay: 4
--------
23:31:25 User activity detected
23:31:25 Delay: 6
--------
23:31:31 User activity detected
23:31:31 Delay: 4
--------
23:31:35 User activity detected
23:31:35 Delay: 4
--------
23:31:39 User activity detected
23:31:39 Delay: 9
--------
23:31:48 User activity detected
23:31:48 Delay: 5
--------
23:31:53 User activity detected
23:31:53 Delay: 8
--------
23:32:01 User activity detected
23:32:01 Delay: 7
--------
23:32:08 User activity detected
23:32:08 Delay: 6
--------
23:32:14 User activity detected
23:32:14 Delay: 6
--------
23:32:20 Idle detection
23:32:20 Moved mouse to:  (706, 569)
23:32:20 Delay: 4
--------
23:32:24 User activity detected
23:32:24 Delay: 10
--------
23:32:34 User activity detected
23:32:34 Delay: 6
--------
23:32:40 User activity detected
23:32:40 Delay: 7
--------
23:32:47 User activity detected
23:32:47 Delay: 4
--------
23:32:51 User activity detected
23:32:51 Delay: 7
--------
23:32:58 User activity detected
23:32:58 Delay: 5
--------
23:33:03 User activity detected
23:33:03 Delay: 10
--------
23:33:13 User activity detected
23:33:13 Delay: 5
--------
23:33:18 Idle detection
23:33:18 Moved mouse to:  (1620, 1562)
23:33:18 Delay: 10
--------
23:33:28 User activity detected
23:33:28 Delay: 9
--------
23:33:37 User activity detected
23:33:37 Delay: 8
--------
23:33:45 Idle detection
23:33:45 Moved mouse to:  (1197, 1040)
23:33:45 Delay: 8
--------
23:33:53 User activity detected
23:33:53 Delay: 5
--------
23:33:58 User activity detected
23:33:58 Delay: 10
--------
23:34:08 User activity detected
23:34:08 Delay: 4
--------
23:34:12 User activity detected
23:34:12 Delay: 8
--------
23:34:20 User activity detected
23:34:20 Delay: 10
--------
23:34:30 User activity detected
23:34:30 Delay: 8
--------
23:34:38 User activity detected
23:34:38 Delay: 10
--------
23:34:48 User activity detected
23:34:48 Delay: 4
--------
23:34:52 User activity detected
23:34:52 Delay: 8
--------
23:35:00 Idle detection
23:35:00 Moved mouse to:  (1697, 1202)
23:35:00 Delay: 10
--------
23:35:10 Idle detection
23:35:10 Moved mouse to:  (1698, 1203)
23:35:10 Delay: 8
--------
23:35:18 Idle detection
23:35:18 Moved mouse to:  (1699, 1204)
23:35:18 Delay: 10
--------
23:35:28 User activity detected
23:35:28 Delay: 7
--------
23:35:35 User activity detected
23:35:35 Delay: 7
--------
23:35:42 User activity detected
23:35:42 Delay: 9
--------
23:35:51 User activity detected
23:35:51 Delay: 6
--------
23:35:57 Idle detection
23:35:57 Moved mouse to:  (1251, 1060)
23:35:57 Delay: 8
--------
23:36:05 Idle detection
23:36:05 Moved mouse to:  (1252, 1061)
23:36:05 Delay: 5
--------
23:36:10 Idle detection
23:36:10 Moved mouse to:  (1253, 1062)
23:36:10 Delay: 5
--------
23:36:15 Idle detection
23:36:15 Moved mouse to:  (1254, 1063)
23:36:15 Delay: 10
--------
23:36:25 Idle detection
23:36:25 Moved mouse to:  (1255, 1064)
23:36:25 Delay: 5
--------
23:36:31 User activity detected
23:36:31 Delay: 8
--------
23:36:39 User activity detected
23:36:39 Delay: 8
--------
23:36:47 Idle detection
23:36:47 Moved mouse to:  (1943, 158)
23:36:47 Delay: 7
--------
23:36:54 User activity detected
23:36:54 Delay: 10
--------
23:37:04 User activity detected
23:37:04 Delay: 10
--------
23:37:14 User activity detected
23:37:14 Delay: 8
--------
23:37:22 User activity detected
23:37:22 Delay: 10
--------
23:37:32 Idle detection
23:37:32 Moved mouse to:  (1192, 1037)
23:37:32 Delay: 9
--------
23:37:41 User activity detected
23:37:41 Delay: 8
--------
23:37:49 User activity detected
23:37:49 Delay: 9
--------
23:37:58 Idle detection
23:37:58 Moved mouse to:  (967, 947)
23:37:58 Delay: 7
--------
23:38:05 User activity detected
23:38:05 Delay: 10
--------
23:38:15 User activity detected
23:38:15 Delay: 5
--------
23:38:20 Idle detection
23:38:20 Moved mouse to:  (1122, 1032)
23:38:20 Delay: 9
--------
23:38:29 Idle detection
23:38:29 Moved mouse to:  (1123, 1033)
23:38:29 Delay: 9
--------
23:38:38 Idle detection
23:38:38 Moved mouse to:  (1124, 1034)
23:38:38 Delay: 8
--------
23:38:46 Idle detection
23:38:46 Moved mouse to:  (1125, 1035)
23:38:46 Delay: 4
--------
23:38:50 Idle detection
23:38:50 Moved mouse to:  (1126, 1036)
23:38:50 Delay: 5
--------
23:38:55 User activity detected
23:38:55 Delay: 6
--------
23:39:01 Idle detection
23:39:01 Moved mouse to:  (865, 596)
23:39:01 Delay: 6
--------
23:39:07 Idle detection
23:39:07 Moved mouse to:  (866, 597)
23:39:07 Delay: 4
--------
23:39:11 User activity detected
23:39:11 Delay: 7
--------
23:39:18 User activity detected
23:39:18 Delay: 10
--------
23:39:28 User activity detected
23:39:28 Delay: 5
--------
23:39:33 User activity detected
23:39:33 Delay: 7
--------
23:39:40 User activity detected
23:39:40 Delay: 9
--------
23:39:49 User activity detected
23:39:49 Delay: 9
--------
23:39:58 User activity detected
23:39:58 Delay: 7
--------
23:40:05 User activity detected
23:40:05 Delay: 7
--------
23:40:12 User activity detected
23:40:12 Delay: 4
--------
23:40:16 User activity detected
23:40:16 Delay: 4
--------
23:40:20 User activity detected
23:40:20 Delay: 10
--------
23:40:30 User activity detected
23:40:30 Delay: 5
--------
23:40:35 Idle detection
23:40:35 Moved mouse to:  (2392, 59)
23:40:35 Delay: 5
--------
23:40:40 Idle detection
23:40:40 Moved mouse to:  (2393, 60)
23:40:40 Delay: 5
--------
23:40:45 User activity detected
23:40:45 Delay: 8
--------
23:40:53 User activity detected
23:40:53 Delay: 4
--------
23:40:57 User activity detected
23:40:57 Delay: 8
--------
23:41:05 User activity detected
23:41:05 Delay: 7
--------
23:41:12 User activity detected
23:41:12 Delay: 4
--------
23:41:16 User activity detected
23:41:16 Delay: 8
--------
23:41:24 User activity detected
23:41:24 Delay: 10
--------
23:41:34 Idle detection
23:41:34 Moved mouse to:  (1080, 796)
23:41:34 Delay: 7
--------
23:41:41 User activity detected
23:41:41 Delay: 8
--------
23:41:49 User activity detected
23:41:49 Delay: 9
--------
23:41:58 User activity detected
23:41:58 Delay: 5
--------
23:42:03 Idle detection
23:42:03 Moved mouse to:  (664, 849)
23:42:03 Delay: 8
--------
23:42:11 User activity detected
23:42:11 Delay: 9
--------
23:42:20 User activity detected
23:42:20 Delay: 10
--------
23:42:30 User activity detected
23:42:30 Delay: 4
--------
23:42:34 Idle detection
23:42:34 Moved mouse to:  (1307, 1052)
23:42:34 Delay: 5
--------
23:42:39 Idle detection
23:42:39 Moved mouse to:  (1308, 1053)
23:42:39 Delay: 6
--------
23:42:45 Idle detection
23:42:45 Moved mouse to:  (1309, 1054)
23:42:45 Delay: 4
--------
23:42:49 Idle detection
23:42:49 Moved mouse to:  (1310, 1055)
23:42:49 Delay: 9
--------
23:42:58 Idle detection
23:42:58 Moved mouse to:  (1311, 1056)
23:42:58 Delay: 4
--------
23:43:02 Idle detection
23:43:02 Moved mouse to:  (1312, 1057)
23:43:02 Delay: 10
--------
23:43:12 User activity detected
23:43:12 Delay: 4
--------
23:43:16 User activity detected
23:43:16 Delay: 6
--------
23:43:22 User activity detected
23:43:22 Delay: 9
--------
23:43:31 User activity detected
23:43:31 Delay: 6
--------
23:43:37 Idle detection
23:43:37 Moved mouse to:  (1049, 957)
23:43:37 Delay: 9
--------
23:43:46 User activity detected
23:43:46 Delay: 8
--------
23:43:54 Idle detection
23:43:54 Moved mouse to:  (1268, 894)
23:43:54 Delay: 6
--------
23:44:00 Idle detection
23:44:00 Moved mouse to:  (1269, 895)
23:44:00 Delay: 8
--------
23:44:08 Idle detection
23:44:08 Moved mouse to:  (1270, 896)
23:44:08 Delay: 4
--------
23:44:12 User activity detected
23:44:12 Delay: 5
--------
23:44:17 User activity detected
23:44:17 Delay: 6
--------
23:44:23 User activity detected
23:44:23 Delay: 6
--------
23:44:29 User activity detected
23:44:29 Delay: 9
--------
23:44:38 User activity detected
23:44:38 Delay: 10
--------
23:44:48 User activity detected
23:44:48 Delay: 10
--------
23:44:58 User activity detected
23:44:58 Delay: 8
--------
23:45:06 User activity detected
23:45:06 Delay: 5
--------
23:45:11 User activity detected
23:45:11 Delay: 9
--------
23:45:20 User activity detected
23:45:20 Delay: 9
--------
23:45:29 User activity detected
23:45:29 Delay: 10
--------
23:45:39 User activity detected
23:45:39 Delay: 10
--------
23:45:49 User activity detected
23:45:49 Delay: 9
--------
23:45:58 User activity detected
23:45:58 Delay: 10
--------
23:46:08 User activity detected
23:46:08 Delay: 4
--------
23:46:12 User activity detected
23:46:12 Delay: 8
--------
23:46:20 User activity detected
23:46:20 Delay: 5
--------
23:46:25 User activity detected
23:46:25 Delay: 6
--------
23:46:31 User activity detected
23:46:31 Delay: 10
--------
23:46:41 User activity detected
23:46:41 Delay: 6
--------
23:46:47 User activity detected
23:46:47 Delay: 4
--------
23:46:51 User activity detected
23:46:51 Delay: 10
--------
23:47:01 User activity detected
23:47:01 Delay: 8
--------
23:47:09 User activity detected
23:47:09 Delay: 7
--------
23:47:16 User activity detected
23:47:16 Delay: 10
--------
23:47:26 User activity detected
23:47:26 Delay: 5
--------
23:47:31 User activity detected
23:47:31 Delay: 5
--------
23:47:36 User activity detected
23:47:36 Delay: 6
--------
23:47:42 User activity detected
23:47:42 Delay: 8
--------
23:47:50 User activity detected
23:47:50 Delay: 9
--------
23:47:59 User activity detected
23:47:59 Delay: 6
--------
23:48:05 User activity detected
23:48:05 Delay: 7
--------
23:48:12 User activity detected
23:48:12 Delay: 9
--------
23:48:21 User activity detected
23:48:21 Delay: 4
--------
23:48:25 User activity detected
23:48:25 Delay: 6
--------
23:48:31 User activity detected
23:48:31 Delay: 9
--------
23:48:40 Idle detection
23:48:40 Moved mouse to:  (2284, 659)
23:48:40 Delay: 6
--------
23:48:46 User activity detected
23:48:46 Delay: 7
--------
23:48:53 Idle detection
23:48:53 Moved mouse to:  (2306, 574)
23:48:53 Delay: 6
--------
23:48:59 Idle detection
23:48:59 Moved mouse to:  (2307, 575)
23:48:59 Delay: 9
--------
23:49:08 Idle detection
23:49:08 Moved mouse to:  (2308, 576)
23:49:08 Delay: 8
--------
23:49:16 Idle detection
23:49:16 Moved mouse to:  (2309, 577)
23:49:16 Delay: 10
--------
23:49:26 Idle detection
23:49:26 Moved mouse to:  (2310, 578)
23:49:26 Delay: 8
--------
23:49:34 Idle detection
23:49:34 Moved mouse to:  (2311, 579)
23:49:34 Delay: 5
--------
23:49:39 Idle detection
23:49:39 Moved mouse to:  (2312, 580)
23:49:39 Delay: 5
--------
23:49:44 Idle detection
23:49:44 Moved mouse to:  (2313, 581)
23:49:44 Delay: 9
--------
23:49:53 Idle detection
23:49:53 Moved mouse to:  (2314, 582)
23:49:53 Delay: 9
--------
23:50:02 Idle detection
23:50:02 Moved mouse to:  (2315, 583)
23:50:02 Delay: 4
--------
23:50:06 Idle detection
23:50:06 Moved mouse to:  (2316, 584)
23:50:06 Delay: 9
--------
23:50:15 Idle detection
23:50:15 Moved mouse to:  (2317, 585)
23:50:15 Delay: 9
--------
23:50:24 Idle detection
23:50:24 Moved mouse to:  (2318, 586)
23:50:25 Delay: 9
--------
23:50:34 Idle detection
23:50:34 Moved mouse to:  (2319, 587)
23:50:34 Delay: 7
--------
23:50:41 Idle detection
23:50:41 Moved mouse to:  (2320, 588)
23:50:41 Delay: 10
--------
23:50:51 Idle detection
23:50:51 Moved mouse to:  (2321, 589)
23:50:51 Delay: 4
--------
23:50:55 Idle detection
23:50:55 Moved mouse to:  (2322, 590)
23:50:55 Delay: 4
--------
23:50:59 Idle detection
23:50:59 Moved mouse to:  (2323, 591)
23:50:59 Delay: 4
--------
23:51:03 Idle detection
23:51:03 Moved mouse to:  (2324, 592)
23:51:03 Delay: 6
--------
23:51:09 Idle detection
23:51:09 Moved mouse to:  (2325, 593)
23:51:09 Delay: 8
--------
23:51:17 Idle detection
23:51:17 Moved mouse to:  (2326, 594)
23:51:17 Delay: 4
--------
23:51:21 Idle detection
23:51:21 Moved mouse to:  (2327, 595)
23:51:21 Delay: 6
--------
23:51:27 Idle detection
23:51:27 Moved mouse to:  (2328, 596)
23:51:27 Delay: 8
--------
23:51:35 Idle detection
23:51:35 Moved mouse to:  (2329, 597)
23:51:35 Delay: 8
--------
23:51:43 Idle detection
23:51:43 Moved mouse to:  (2330, 598)
23:51:43 Delay: 10
--------
23:51:53 Idle detection
23:51:53 Moved mouse to:  (2331, 599)
23:51:53 Delay: 4
--------
23:51:57 Idle detection
23:51:57 Moved mouse to:  (2332, 600)
23:51:57 Delay: 10
--------
23:52:07 Idle detection
23:52:07 Moved mouse to:  (2333, 601)
23:52:07 Delay: 8
--------
23:52:15 Idle detection
23:52:15 Moved mouse to:  (2334, 602)
23:52:15 Delay: 7
--------
23:52:22 Idle detection
23:52:22 Moved mouse to:  (2335, 603)
23:52:22 Delay: 4
--------
23:52:26 Idle detection
23:52:26 Moved mouse to:  (2336, 604)
23:52:26 Delay: 6
--------
23:52:32 Idle detection
23:52:32 Moved mouse to:  (2337, 605)
23:52:32 Delay: 4
--------
23:52:36 Idle detection
23:52:36 Moved mouse to:  (2338, 606)
23:52:36 Delay: 4
--------
23:52:40 Idle detection
23:52:40 Moved mouse to:  (2339, 607)
23:52:40 Delay: 10
--------
23:52:50 User activity detected
23:52:50 Delay: 4
--------
23:52:54 User activity detected
23:52:54 Delay: 6
--------
23:53:00 User activity detected
23:53:00 Delay: 8
--------
23:53:08 Idle detection
23:53:08 Moved mouse to:  (1749, 490)
23:53:08 Delay: 4
--------
23:53:12 Idle detection
23:53:12 Moved mouse to:  (1750, 491)
23:53:12 Delay: 10
--------
23:53:22 Idle detection
23:53:22 Moved mouse to:  (1751, 492)
23:53:22 Delay: 5
--------
23:53:27 Idle detection
23:53:27 Moved mouse to:  (1752, 493)
23:53:27 Delay: 6
--------
23:53:33 Idle detection
23:53:33 Moved mouse to:  (1753, 494)
23:53:33 Delay: 6
--------
23:53:39 Idle detection
23:53:39 Moved mouse to:  (1754, 495)
23:53:39 Delay: 9
--------
23:53:48 Idle detection
23:53:48 Moved mouse to:  (1755, 496)
23:53:48 Delay: 7
--------
23:53:55 Idle detection
23:53:55 Moved mouse to:  (1756, 497)
23:53:55 Delay: 8
--------
23:54:03 Idle detection
23:54:03 Moved mouse to:  (1757, 498)
23:54:03 Delay: 10
--------
23:54:13 Idle detection
23:54:13 Moved mouse to:  (1758, 499)
23:54:13 Delay: 9
--------
23:54:22 Idle detection
23:54:22 Moved mouse to:  (1759, 500)
23:54:22 Delay: 4
--------
23:54:26 Idle detection
23:54:26 Moved mouse to:  (1760, 501)
23:54:26 Delay: 5
--------
23:54:31 Idle detection
23:54:31 Moved mouse to:  (1761, 502)
23:54:31 Delay: 10
--------
23:54:41 Idle detection
23:54:41 Moved mouse to:  (1762, 503)
23:54:41 Delay: 9
--------
23:54:50 Idle detection
23:54:50 Moved mouse to:  (1763, 504)
23:54:50 Delay: 10
--------
23:55:00 Idle detection
23:55:00 Moved mouse to:  (1764, 505)
23:55:00 Delay: 6
--------
23:55:06 Idle detection
23:55:06 Moved mouse to:  (1765, 506)
23:55:06 Delay: 7
--------
23:55:13 Idle detection
23:55:13 Moved mouse to:  (1766, 507)
23:55:13 Delay: 7
--------
23:55:20 Idle detection
23:55:20 Moved mouse to:  (1767, 508)
23:55:20 Delay: 4
--------
23:55:24 Idle detection
23:55:24 Moved mouse to:  (1768, 509)
23:55:24 Delay: 9
--------
23:55:33 Idle detection
23:55:33 Moved mouse to:  (1769, 510)
23:55:33 Delay: 8
--------
23:55:41 Idle detection
23:55:41 Moved mouse to:  (1770, 511)
23:55:41 Delay: 8
--------
23:55:49 Idle detection
23:55:49 Moved mouse to:  (1771, 512)
23:55:49 Delay: 4
--------
23:55:53 Idle detection
23:55:53 Moved mouse to:  (1772, 513)
23:55:53 Delay: 10
--------
23:56:03 Idle detection
23:56:03 Moved mouse to:  (1773, 514)
23:56:03 Delay: 6
--------
23:56:09 Idle detection
23:56:09 Moved mouse to:  (1774, 515)
23:56:09 Delay: 4
--------
23:56:13 Idle detection
23:56:13 Moved mouse to:  (1775, 516)
23:56:13 Delay: 9
--------
23:56:22 Idle detection
23:56:22 Moved mouse to:  (1776, 517)
23:56:22 Delay: 10
--------
23:56:32 Idle detection
23:56:32 Moved mouse to:  (1777, 518)
23:56:32 Delay: 5
--------
23:56:37 Idle detection
23:56:37 Moved mouse to:  (1778, 519)
23:56:37 Delay: 9
--------
23:56:46 Idle detection
23:56:46 Moved mouse to:  (1779, 520)
23:56:46 Delay: 10
--------
23:56:56 Idle detection
23:56:56 Moved mouse to:  (1780, 521)
23:56:56 Delay: 4
--------
23:57:00 Idle detection
23:57:00 Moved mouse to:  (1781, 522)
23:57:00 Delay: 4
--------
23:57:04 Idle detection
23:57:04 Moved mouse to:  (1782, 523)
23:57:04 Delay: 8
--------
23:57:12 Idle detection
23:57:12 Moved mouse to:  (1783, 524)
23:57:12 Delay: 4
--------
23:57:16 Idle detection
23:57:16 Moved mouse to:  (1784, 525)
23:57:16 Delay: 8
--------
23:57:24 Idle detection
23:57:24 Moved mouse to:  (1785, 526)
23:57:24 Delay: 6
--------
23:57:30 Idle detection
23:57:30 Moved mouse to:  (1786, 527)
23:57:30 Delay: 8
--------
23:57:38 Idle detection
23:57:38 Moved mouse to:  (1787, 528)
23:57:38 Delay: 6
--------
23:57:44 Idle detection
23:57:44 Moved mouse to:  (1788, 529)
23:57:44 Delay: 6
--------
23:57:50 Idle detection
23:57:50 Moved mouse to:  (1789, 530)
23:57:50 Delay: 6
--------
23:57:56 Idle detection
23:57:56 Moved mouse to:  (1790, 531)
23:57:56 Delay: 6
--------
23:58:02 Idle detection
23:58:02 Moved mouse to:  (1791, 532)
23:58:02 Delay: 4
--------
23:58:06 Idle detection
23:58:06 Moved mouse to:  (1792, 533)
23:58:06 Delay: 5
--------
23:58:11 Idle detection
23:58:11 Moved mouse to:  (1793, 534)
23:58:11 Delay: 4
--------
23:58:15 Idle detection
23:58:15 Moved mouse to:  (1794, 535)
23:58:15 Delay: 5
--------
23:58:20 Idle detection
23:58:20 Moved mouse to:  (1795, 536)
23:58:20 Delay: 5
--------
23:58:25 Idle detection
23:58:25 Moved mouse to:  (1796, 537)
23:58:25 Delay: 9
--------
23:58:34 Idle detection
23:58:34 Moved mouse to:  (1797, 538)
23:58:34 Delay: 10
--------
23:58:44 Idle detection
23:58:44 Moved mouse to:  (1798, 539)
23:58:44 Delay: 8
--------
23:58:52 Idle detection
23:58:52 Moved mouse to:  (1799, 540)
23:58:52 Delay: 10
--------
23:59:02 User activity detected
23:59:02 Delay: 10
--------
23:59:12 Idle detection
23:59:12 Moved mouse to:  (1770, 530)
23:59:12 Delay: 6
--------
23:59:18 Idle detection
23:59:18 Moved mouse to:  (1771, 531)
23:59:18 Delay: 6
--------
23:59:24 Idle detection
23:59:24 Moved mouse to:  (1772, 532)
23:59:24 Delay: 9
--------
23:59:33 Idle detection
23:59:33 Moved mouse to:  (1773, 533)
23:59:33 Delay: 6
--------
23:59:39 Idle detection
23:59:39 Moved mouse to:  (1774, 534)
23:59:39 Delay: 8
--------
23:59:47 Idle detection
23:59:47 Moved mouse to:  (1775, 535)
23:59:47 Delay: 6
--------
23:59:53 Idle detection
23:59:53 Moved mouse to:  (1776, 536)
23:59:53 Delay: 8
--------
00:00:01 Idle detection
00:00:01 Moved mouse to:  (1777, 537)
00:00:01 Delay: 7
--------
00:00:08 Idle detection
00:00:08 Moved mouse to:  (1778, 538)
00:00:08 Delay: 6
--------
00:00:14 Idle detection
00:00:14 Moved mouse to:  (1779, 539)
00:00:14 Delay: 6
--------
00:00:20 Idle detection
00:00:20 Moved mouse to:  (1780, 540)
00:00:20 Delay: 8
--------
00:00:28 Idle detection
00:00:28 Moved mouse to:  (1781, 541)
00:00:28 Delay: 9
--------
00:00:37 Idle detection
00:00:37 Moved mouse to:  (1782, 542)
00:00:37 Delay: 8
--------
00:00:45 Idle detection
00:00:45 Moved mouse to:  (1783, 543)
00:00:45 Delay: 10
--------
00:00:55 Idle detection
00:00:55 Moved mouse to:  (1784, 544)
00:00:55 Delay: 8
--------
00:01:03 Idle detection
00:01:03 Moved mouse to:  (1785, 545)
00:01:03 Delay: 10
--------
00:01:13 Idle detection
00:01:13 Moved mouse to:  (1786, 546)
00:01:13 Delay: 7
--------
00:01:20 Idle detection
00:01:20 Moved mouse to:  (1787, 547)
00:01:20 Delay: 9
--------
00:01:29 Idle detection
00:01:29 Moved mouse to:  (1788, 548)
00:01:29 Delay: 7
--------
00:01:36 Idle detection
00:01:36 Moved mouse to:  (1789, 549)
00:01:36 Delay: 8
--------
00:01:45 Idle detection
00:01:45 Moved mouse to:  (1790, 550)
00:01:45 Delay: 4
--------
00:01:49 Idle detection
00:01:49 Moved mouse to:  (1791, 551)
00:01:49 Delay: 7
--------
00:01:56 Idle detection
00:01:56 Moved mouse to:  (1792, 552)
00:01:56 Delay: 6
--------
00:02:02 Idle detection
00:02:02 Moved mouse to:  (1793, 553)
00:02:02 Delay: 7
--------
00:02:09 Idle detection
00:02:09 Moved mouse to:  (1794, 554)
00:02:09 Delay: 5
--------
00:02:14 Idle detection
00:02:14 Moved mouse to:  (1795, 555)
00:02:14 Delay: 4
--------
00:02:18 Idle detection
00:02:18 Moved mouse to:  (1796, 556)
00:02:18 Delay: 10
--------
00:02:28 Idle detection
00:02:28 Moved mouse to:  (1797, 557)
00:02:28 Delay: 8
--------
00:02:36 Idle detection
00:02:36 Moved mouse to:  (1798, 558)
00:02:36 Delay: 4
--------
00:02:40 Idle detection
00:02:40 Moved mouse to:  (1799, 559)
00:02:40 Delay: 7
--------
00:02:47 Idle detection
00:02:47 Moved mouse to:  (1800, 560)
00:02:47 Delay: 10
--------
00:02:57 Idle detection
00:02:57 Moved mouse to:  (1801, 561)
00:02:57 Delay: 7
--------
00:03:04 Idle detection
00:03:04 Moved mouse to:  (1802, 562)
00:03:04 Delay: 4
--------
00:03:08 Idle detection
00:03:08 Moved mouse to:  (1803, 563)
00:03:08 Delay: 6
--------
00:03:14 Idle detection
00:03:14 Moved mouse to:  (1804, 564)
00:03:14 Delay: 10
--------
00:03:24 Idle detection
00:03:24 Moved mouse to:  (1805, 565)
00:03:24 Delay: 10
--------
00:03:34 Idle detection
00:03:34 Moved mouse to:  (1806, 566)
00:03:34 Delay: 8
--------
00:03:42 Idle detection
00:03:42 Moved mouse to:  (1807, 567)
00:03:42 Delay: 6
--------
00:03:48 Idle detection
00:03:48 Moved mouse to:  (1808, 568)
00:03:48 Delay: 7
--------
00:03:55 Idle detection
00:03:55 Moved mouse to:  (1809, 569)
00:03:55 Delay: 4
--------
00:03:59 Idle detection
00:03:59 Moved mouse to:  (1810, 570)
00:03:59 Delay: 4
--------
00:04:03 Idle detection
00:04:03 Moved mouse to:  (1811, 571)
00:04:03 Delay: 7
--------
00:04:10 Idle detection
00:04:10 Moved mouse to:  (1812, 572)
00:04:10 Delay: 7
--------
00:04:17 Idle detection
00:04:17 Moved mouse to:  (1813, 573)
00:04:17 Delay: 4
--------
00:04:21 Idle detection
00:04:21 Moved mouse to:  (1814, 574)
00:04:21 Delay: 4
--------
00:04:25 Idle detection
00:04:25 Moved mouse to:  (1815, 575)
00:04:25 Delay: 5
--------
00:04:30 Idle detection
00:04:30 Moved mouse to:  (1816, 576)
00:04:30 Delay: 10
--------
00:04:40 Idle detection
00:04:40 Moved mouse to:  (1817, 577)
00:04:40 Delay: 4
--------
00:04:44 Idle detection
00:04:44 Moved mouse to:  (1818, 578)
00:04:44 Delay: 6
--------
00:04:50 Idle detection
00:04:50 Moved mouse to:  (1819, 579)
00:04:50 Delay: 9
--------
00:04:59 Idle detection
00:04:59 Moved mouse to:  (1820, 580)
00:04:59 Delay: 6
--------
00:05:05 Idle detection
00:05:05 Moved mouse to:  (1821, 581)
00:05:05 Delay: 7
--------
00:05:12 Idle detection
00:05:12 Moved mouse to:  (1822, 582)
00:05:12 Delay: 4
--------
00:05:16 Idle detection
00:05:16 Moved mouse to:  (1823, 583)
00:05:16 Delay: 9
--------
00:05:25 Idle detection
00:05:25 Moved mouse to:  (1824, 584)
00:05:25 Delay: 8
--------
00:05:33 Idle detection
00:05:33 Moved mouse to:  (1825, 585)
00:05:33 Delay: 5
--------
00:05:38 Idle detection
00:05:38 Moved mouse to:  (1826, 586)
00:05:38 Delay: 9
--------
00:05:47 Idle detection
00:05:47 Moved mouse to:  (1827, 587)
00:05:47 Delay: 5
--------
00:05:52 Idle detection
00:05:52 Moved mouse to:  (1828, 588)
00:05:52 Delay: 7
--------
00:05:59 Idle detection
00:05:59 Moved mouse to:  (1829, 589)
00:05:59 Delay: 4
--------
00:06:03 Idle detection
00:06:03 Moved mouse to:  (1830, 590)
00:06:03 Delay: 8
--------
00:06:11 Idle detection
00:06:11 Moved mouse to:  (1831, 591)
00:06:11 Delay: 8
--------
00:06:19 Idle detection
00:06:19 Moved mouse to:  (1832, 592)
00:06:19 Delay: 4
--------
00:06:23 Idle detection
00:06:23 Moved mouse to:  (1833, 593)
00:06:23 Delay: 4
--------
00:06:27 Idle detection
00:06:27 Moved mouse to:  (1834, 594)
00:06:27 Delay: 9
--------
00:06:36 Idle detection
00:06:36 Moved mouse to:  (1835, 595)
00:06:36 Delay: 7
--------
00:06:43 Idle detection
00:06:43 Moved mouse to:  (1836, 596)
00:06:43 Delay: 8
--------
00:06:51 Idle detection
00:06:51 Moved mouse to:  (1837, 597)
00:06:51 Delay: 9
--------
00:07:00 Idle detection
00:07:00 Moved mouse to:  (1838, 598)
00:07:00 Delay: 6
--------
00:07:06 Idle detection
00:07:06 Moved mouse to:  (1839, 599)
00:07:06 Delay: 8
--------
00:07:14 Idle detection
00:07:14 Moved mouse to:  (1840, 600)
00:07:14 Delay: 4
--------
00:07:18 Idle detection
00:07:18 Moved mouse to:  (1841, 601)
00:07:18 Delay: 5
--------
00:07:23 Idle detection
00:07:23 Moved mouse to:  (1842, 602)
00:07:23 Delay: 7
--------
00:07:30 Idle detection
00:07:30 Moved mouse to:  (1843, 603)
00:07:30 Delay: 10
--------
00:07:40 Idle detection
00:07:40 Moved mouse to:  (1844, 604)
00:07:40 Delay: 6
--------
00:07:46 Idle detection
00:07:46 Moved mouse to:  (1845, 605)
00:07:46 Delay: 5
--------
00:07:51 Idle detection
00:07:51 Moved mouse to:  (1846, 606)
00:07:51 Delay: 8
--------
00:07:59 Idle detection
00:07:59 Moved mouse to:  (1847, 607)
00:07:59 Delay: 7
--------
00:08:06 Idle detection
00:08:06 Moved mouse to:  (1848, 608)
00:08:06 Delay: 7
--------
00:08:13 Idle detection
00:08:13 Moved mouse to:  (1849, 609)
00:08:13 Delay: 6
--------
00:08:19 Idle detection
00:08:19 Moved mouse to:  (1850, 610)
00:08:19 Delay: 6
--------
00:08:25 Idle detection
00:08:25 Moved mouse to:  (1851, 611)
00:08:25 Delay: 7
--------
00:08:32 Idle detection
00:08:32 Moved mouse to:  (1852, 612)
00:08:32 Delay: 4
--------
00:08:36 Idle detection
00:08:36 Moved mouse to:  (1853, 613)
00:08:36 Delay: 4
--------
00:08:40 Idle detection
00:08:40 Moved mouse to:  (1854, 614)
00:08:40 Delay: 6
--------
00:08:46 Idle detection
00:08:46 Moved mouse to:  (1855, 615)
00:08:46 Delay: 6
--------
00:08:52 Idle detection
00:08:52 Moved mouse to:  (1856, 616)
00:08:52 Delay: 10
--------
00:09:02 Idle detection
00:09:02 Moved mouse to:  (1857, 617)
00:09:02 Delay: 7
--------
00:09:09 Idle detection
00:09:09 Moved mouse to:  (1858, 618)
00:09:09 Delay: 10
--------
00:09:19 Idle detection
00:09:19 Moved mouse to:  (1859, 619)
00:09:19 Delay: 4
--------
00:09:23 Idle detection
00:09:23 Moved mouse to:  (1860, 620)
00:09:23 Delay: 8
--------
00:09:31 Idle detection
00:09:31 Moved mouse to:  (1861, 621)
00:09:31 Delay: 7
--------
00:09:38 Idle detection
00:09:38 Moved mouse to:  (1862, 622)
00:09:38 Delay: 4
--------
00:09:42 Idle detection
00:09:42 Moved mouse to:  (1863, 623)
00:09:42 Delay: 8
--------
00:09:50 Idle detection
00:09:50 Moved mouse to:  (1864, 624)
00:09:50 Delay: 7
--------
00:09:57 Idle detection
00:09:57 Moved mouse to:  (1865, 625)
00:09:57 Delay: 10
--------
00:10:07 Idle detection
00:10:07 Moved mouse to:  (1866, 626)
00:10:07 Delay: 9
--------
00:10:16 Idle detection
00:10:16 Moved mouse to:  (1867, 627)
00:10:16 Delay: 7
--------
00:10:23 Idle detection
00:10:23 Moved mouse to:  (1868, 628)
00:10:23 Delay: 7
--------
00:10:30 Idle detection
00:10:30 Moved mouse to:  (1869, 629)
00:10:30 Delay: 10
--------
00:10:40 Idle detection
00:10:40 Moved mouse to:  (1870, 630)
00:10:40 Delay: 9
--------
00:10:49 Idle detection
00:10:49 Moved mouse to:  (1871, 631)
00:10:49 Delay: 4
--------
00:10:53 Idle detection
00:10:53 Moved mouse to:  (1872, 632)
00:10:53 Delay: 9
--------
00:11:02 Idle detection
00:11:02 Moved mouse to:  (1873, 633)
00:11:02 Delay: 6
--------
00:11:08 Idle detection
00:11:08 Moved mouse to:  (1874, 634)
00:11:08 Delay: 4
--------
00:11:12 Idle detection
00:11:12 Moved mouse to:  (1875, 635)
00:11:12 Delay: 9
--------
00:11:21 Idle detection
00:11:21 Moved mouse to:  (1876, 636)
00:11:21 Delay: 10
--------
00:11:31 Idle detection
00:11:31 Moved mouse to:  (1877, 637)
00:11:31 Delay: 8
--------
00:11:39 Idle detection
00:11:39 Moved mouse to:  (1878, 638)
00:11:39 Delay: 10
--------
00:11:49 Idle detection
00:11:49 Moved mouse to:  (1879, 639)
00:11:49 Delay: 10
--------
00:12:00 Idle detection
00:12:00 Moved mouse to:  (1880, 640)
00:12:00 Delay: 8
--------
00:12:08 Idle detection
00:12:08 Moved mouse to:  (1881, 641)
00:12:08 Delay: 10
--------
00:12:18 Idle detection
00:12:18 Moved mouse to:  (1882, 642)
00:12:18 Delay: 5
--------
00:12:23 Idle detection
00:12:23 Moved mouse to:  (1883, 643)
00:12:23 Delay: 10
--------
00:12:33 Idle detection
00:12:33 Moved mouse to:  (1884, 644)
00:12:33 Delay: 6
--------
00:12:39 Idle detection
00:12:39 Moved mouse to:  (1885, 645)
00:12:39 Delay: 10
--------
00:12:49 Idle detection
00:12:49 Moved mouse to:  (1886, 646)
00:12:49 Delay: 10
--------
00:12:59 Idle detection
00:12:59 Moved mouse to:  (1887, 647)
00:12:59 Delay: 7
--------
00:13:06 Idle detection
00:13:06 Moved mouse to:  (1888, 648)
00:13:06 Delay: 6
--------
00:13:12 Idle detection
00:13:12 Moved mouse to:  (1889, 649)
00:13:12 Delay: 4
--------
00:13:16 Idle detection
00:13:16 Moved mouse to:  (1890, 650)
00:13:16 Delay: 5
--------
00:13:21 Idle detection
00:13:21 Moved mouse to:  (1891, 651)
00:13:21 Delay: 7
--------
00:13:28 Idle detection
00:13:28 Moved mouse to:  (1892, 652)
00:13:28 Delay: 9
--------
00:13:37 Idle detection
00:13:37 Moved mouse to:  (1893, 653)
00:13:37 Delay: 5
--------
00:13:42 Idle detection
00:13:42 Moved mouse to:  (1894, 654)
00:13:42 Delay: 10
--------
00:13:52 Idle detection
00:13:52 Moved mouse to:  (1895, 655)
00:13:52 Delay: 8
--------
00:14:00 Idle detection
00:14:00 Moved mouse to:  (1896, 656)
00:14:00 Delay: 5
--------
00:14:05 Idle detection
00:14:05 Moved mouse to:  (1897, 657)
00:14:05 Delay: 9
--------
00:14:14 Idle detection
00:14:14 Moved mouse to:  (1898, 658)
00:14:14 Delay: 7
--------
00:14:21 Idle detection
00:14:21 Moved mouse to:  (1899, 659)
00:14:21 Delay: 10
--------
00:14:31 Idle detection
00:14:31 Moved mouse to:  (1900, 660)
00:14:31 Delay: 8
--------
00:14:39 Idle detection
00:14:39 Moved mouse to:  (1901, 661)
00:14:39 Delay: 6
--------
00:14:45 Idle detection
00:14:45 Moved mouse to:  (1902, 662)
00:14:45 Delay: 7
--------
00:14:52 Idle detection
00:14:52 Moved mouse to:  (1903, 663)
00:14:52 Delay: 6
--------
00:14:58 Idle detection
00:14:58 Moved mouse to:  (1904, 664)
00:14:58 Delay: 6
--------
00:15:04 Idle detection
00:15:04 Moved mouse to:  (1905, 665)
00:15:04 Delay: 6
--------
00:15:10 Idle detection
00:15:10 Moved mouse to:  (1906, 666)
00:15:10 Delay: 6
--------
00:15:16 Idle detection
00:15:16 Moved mouse to:  (1907, 667)
00:15:16 Delay: 9
--------
00:15:25 Idle detection
00:15:25 Moved mouse to:  (1908, 668)
00:15:25 Delay: 6
--------
00:15:31 Idle detection
00:15:31 Moved mouse to:  (1909, 669)
00:15:31 Delay: 10
--------
00:15:41 Idle detection
00:15:41 Moved mouse to:  (1910, 670)
00:15:41 Delay: 10
--------
00:15:51 Idle detection
00:15:51 Moved mouse to:  (1911, 671)
00:15:51 Delay: 8
--------
00:15:59 Idle detection
00:15:59 Moved mouse to:  (1912, 672)
00:15:59 Delay: 5
--------
00:16:04 Idle detection
00:16:04 Moved mouse to:  (1913, 673)
00:16:04 Delay: 7
--------
00:16:11 Idle detection
00:16:11 Moved mouse to:  (1914, 674)
00:16:11 Delay: 4
--------
00:16:15 Idle detection
00:16:15 Moved mouse to:  (1915, 675)
00:16:15 Delay: 6
--------
00:16:21 Idle detection
00:16:21 Moved mouse to:  (1916, 676)
00:16:21 Delay: 9
--------
00:16:30 Idle detection
00:16:30 Moved mouse to:  (1917, 677)
00:16:30 Delay: 9
--------
00:16:39 Idle detection
00:16:39 Moved mouse to:  (1918, 678)
00:16:39 Delay: 4
--------
00:16:43 Idle detection
00:16:43 Moved mouse to:  (1919, 679)
00:16:43 Delay: 8
--------
00:16:51 Idle detection
00:16:51 Moved mouse to:  (1920, 680)
00:16:51 Delay: 4
--------
00:16:55 Idle detection
00:16:55 Moved mouse to:  (1921, 681)
00:16:55 Delay: 10
--------
00:17:05 Idle detection
00:17:05 Moved mouse to:  (1922, 682)
00:17:05 Delay: 7
--------
00:17:12 Idle detection
00:17:12 Moved mouse to:  (1923, 683)
00:17:12 Delay: 8
--------
00:17:20 Idle detection
00:17:20 Moved mouse to:  (1924, 684)
00:17:20 Delay: 6
--------
00:17:26 Idle detection
00:17:26 Moved mouse to:  (1925, 685)
00:17:26 Delay: 7
--------
00:17:33 Idle detection
00:17:33 Moved mouse to:  (1926, 686)
00:17:33 Delay: 8
--------
00:17:41 Idle detection
00:17:41 Moved mouse to:  (1927, 687)
00:17:41 Delay: 5
--------
00:17:46 Idle detection
00:17:46 Moved mouse to:  (1928, 688)
00:17:46 Delay: 9
--------
00:17:55 Idle detection
00:17:55 Moved mouse to:  (1929, 689)
00:17:55 Delay: 4
--------
00:17:59 Idle detection
00:17:59 Moved mouse to:  (1930, 690)
00:17:59 Delay: 7
--------
00:18:06 Idle detection
00:18:06 Moved mouse to:  (1931, 691)
00:18:06 Delay: 7
--------
00:18:13 Idle detection
00:18:13 Moved mouse to:  (1932, 692)
00:18:13 Delay: 5
--------
00:18:18 Idle detection
00:18:18 Moved mouse to:  (1933, 693)
00:18:18 Delay: 9
--------
00:18:27 Idle detection
00:18:27 Moved mouse to:  (1934, 694)
00:18:27 Delay: 8
--------
00:18:35 Idle detection
00:18:35 Moved mouse to:  (1935, 695)
00:18:35 Delay: 5
--------
00:18:40 Idle detection
00:18:40 Moved mouse to:  (1936, 696)
00:18:40 Delay: 4
--------
00:18:44 Idle detection
00:18:44 Moved mouse to:  (1937, 697)
00:18:44 Delay: 9
--------
00:18:53 Idle detection
00:18:53 Moved mouse to:  (1938, 698)
00:18:53 Delay: 10
--------
00:19:03 Idle detection
00:19:03 Moved mouse to:  (1939, 699)
00:19:03 Delay: 9
--------
00:19:12 Idle detection
00:19:12 Moved mouse to:  (1940, 700)
00:19:12 Delay: 4
--------
00:19:16 Idle detection
00:19:16 Moved mouse to:  (1941, 701)
00:19:16 Delay: 6
--------
00:19:22 Idle detection
00:19:22 Moved mouse to:  (1942, 702)
00:19:22 Delay: 6
--------
00:19:28 Idle detection
00:19:28 Moved mouse to:  (1943, 703)
00:19:28 Delay: 5
--------
00:19:33 Idle detection
00:19:33 Moved mouse to:  (1944, 704)
00:19:33 Delay: 10
--------
00:19:43 Idle detection
00:19:43 Moved mouse to:  (1945, 705)
00:19:43 Delay: 9
--------
00:19:52 Idle detection
00:19:52 Moved mouse to:  (1946, 706)
00:19:52 Delay: 8
--------
00:20:00 Idle detection
00:20:00 Moved mouse to:  (1947, 707)
00:20:00 Delay: 4
--------
00:20:04 Idle detection
00:20:04 Moved mouse to:  (1948, 708)
00:20:04 Delay: 7
--------
00:20:11 Idle detection
00:20:11 Moved mouse to:  (1949, 709)
00:20:11 Delay: 5
--------
00:20:16 Idle detection
00:20:16 Moved mouse to:  (1950, 710)
00:20:16 Delay: 10
--------
00:20:26 Idle detection
00:20:26 Moved mouse to:  (1951, 711)
00:20:26 Delay: 7
--------
00:20:33 Idle detection
00:20:33 Moved mouse to:  (1952, 712)
00:20:33 Delay: 5
--------
00:20:38 Idle detection
00:20:38 Moved mouse to:  (1953, 713)
00:20:38 Delay: 8
--------
00:20:46 Idle detection
00:20:46 Moved mouse to:  (1954, 714)
00:20:46 Delay: 5
--------
00:20:51 Idle detection
00:20:51 Moved mouse to:  (1955, 715)
00:20:51 Delay: 8
--------
00:20:59 Idle detection
00:20:59 Moved mouse to:  (1956, 716)
00:20:59 Delay: 8
--------
00:21:07 Idle detection
00:21:07 Moved mouse to:  (1957, 717)
00:21:07 Delay: 4
--------
00:21:11 Idle detection
00:21:11 Moved mouse to:  (1958, 718)
00:21:11 Delay: 6
--------
00:21:17 Idle detection
00:21:17 Moved mouse to:  (1959, 719)
00:21:17 Delay: 8
--------
00:21:25 Idle detection
00:21:25 Moved mouse to:  (1960, 720)
00:21:25 Delay: 7
--------
00:21:32 Idle detection
00:21:32 Moved mouse to:  (1961, 721)
00:21:32 Delay: 7
--------
00:21:39 Idle detection
00:21:39 Moved mouse to:  (1962, 722)
00:21:39 Delay: 10
--------
00:21:49 Idle detection
00:21:49 Moved mouse to:  (1963, 723)
00:21:49 Delay: 8
--------
00:21:57 Idle detection
00:21:57 Moved mouse to:  (1964, 724)
00:21:57 Delay: 5
--------
00:22:02 Idle detection
00:22:02 Moved mouse to:  (1965, 725)
00:22:02 Delay: 7
--------
00:22:09 Idle detection
00:22:09 Moved mouse to:  (1966, 726)
00:22:09 Delay: 8
--------
00:22:17 Idle detection
00:22:17 Moved mouse to:  (1967, 727)
00:22:17 Delay: 9
--------
00:22:26 Idle detection
00:22:26 Moved mouse to:  (1968, 728)
00:22:26 Delay: 8
--------
00:22:34 Idle detection
00:22:34 Moved mouse to:  (1969, 729)
00:22:34 Delay: 10
--------
00:22:44 Idle detection
00:22:45 Moved mouse to:  (1970, 730)
00:22:45 Delay: 9
--------
00:22:54 Idle detection
00:22:54 Moved mouse to:  (1971, 731)
00:22:54 Delay: 8
--------
00:23:02 Idle detection
00:23:02 Moved mouse to:  (1972, 732)
00:23:02 Delay: 6
--------
00:23:08 Idle detection
00:23:08 Moved mouse to:  (1973, 733)
00:23:08 Delay: 5
--------
00:23:13 Idle detection
00:23:13 Moved mouse to:  (1974, 734)
00:23:13 Delay: 6
--------
00:23:19 Idle detection
00:23:19 Moved mouse to:  (1975, 735)
00:23:19 Delay: 5
--------
00:23:24 Idle detection
00:23:24 Moved mouse to:  (1976, 736)
00:23:24 Delay: 9
--------
00:23:33 Idle detection
00:23:33 Moved mouse to:  (1977, 737)
00:23:33 Delay: 7
--------
00:23:40 Idle detection
00:23:40 Moved mouse to:  (1978, 738)
00:23:40 Delay: 9
--------
00:23:49 Idle detection
00:23:49 Moved mouse to:  (1979, 739)
00:23:49 Delay: 10
--------
00:23:59 Idle detection
00:23:59 Moved mouse to:  (1980, 740)
00:23:59 Delay: 9
--------
00:24:08 Idle detection
00:24:08 Moved mouse to:  (1981, 741)
00:24:08 Delay: 10
--------
00:24:18 Idle detection
00:24:18 Moved mouse to:  (1982, 742)
00:24:18 Delay: 10
--------
00:24:28 Idle detection
00:24:28 Moved mouse to:  (1983, 743)
00:24:28 Delay: 9
--------
00:24:37 Idle detection
00:24:37 Moved mouse to:  (1984, 744)
00:24:37 Delay: 5
--------
00:24:42 Idle detection
00:24:42 Moved mouse to:  (1985, 745)
00:24:42 Delay: 4
--------
00:24:46 Idle detection
00:24:46 Moved mouse to:  (1986, 746)
00:24:46 Delay: 7
--------
00:24:53 Idle detection
00:24:53 Moved mouse to:  (1987, 747)
00:24:53 Delay: 4
--------
00:24:57 Idle detection
00:24:57 Moved mouse to:  (1988, 748)
00:24:57 Delay: 7
--------
00:25:04 Idle detection
00:25:04 Moved mouse to:  (1989, 749)
00:25:04 Delay: 4
--------
00:25:08 Idle detection
00:25:08 Moved mouse to:  (1990, 750)
00:25:08 Delay: 5
--------
00:25:13 Idle detection
00:25:13 Moved mouse to:  (1991, 751)
00:25:13 Delay: 7
--------
00:25:20 Idle detection
00:25:20 Moved mouse to:  (1992, 752)
00:25:20 Delay: 10
--------
00:25:30 Idle detection
00:25:30 Moved mouse to:  (1993, 753)
00:25:30 Delay: 4
--------
00:25:34 Idle detection
00:25:34 Moved mouse to:  (1994, 754)
00:25:34 Delay: 5
--------
00:25:39 Idle detection
00:25:39 Moved mouse to:  (1995, 755)
00:25:39 Delay: 7
--------
00:25:46 Idle detection
00:25:46 Moved mouse to:  (1996, 756)
00:25:46 Delay: 10
--------
00:25:56 Idle detection
00:25:56 Moved mouse to:  (1997, 757)
00:25:56 Delay: 7
--------
00:26:03 Idle detection
00:26:03 Moved mouse to:  (1998, 758)
00:26:03 Delay: 7
--------
00:26:10 Idle detection
00:26:10 Moved mouse to:  (1999, 759)
00:26:10 Delay: 10
--------
00:26:20 Idle detection
00:26:20 Moved mouse to:  (2000, 760)
00:26:20 Delay: 8
--------
00:26:28 Idle detection
00:26:28 Moved mouse to:  (2001, 761)
00:26:28 Delay: 6
--------
00:26:34 Idle detection
00:26:34 Moved mouse to:  (2002, 762)
00:26:34 Delay: 8
--------
00:26:42 Idle detection
00:26:42 Moved mouse to:  (2003, 763)
00:26:42 Delay: 7
--------
00:26:49 Idle detection
00:26:49 Moved mouse to:  (2004, 764)
00:26:49 Delay: 8
--------
00:26:57 Idle detection
00:26:57 Moved mouse to:  (2005, 765)
00:26:57 Delay: 9
--------
00:27:06 Idle detection
00:27:06 Moved mouse to:  (2006, 766)
00:27:06 Delay: 5
--------
00:27:11 Idle detection
00:27:11 Moved mouse to:  (2007, 767)
00:27:11 Delay: 8
--------
00:27:19 Idle detection
00:27:19 Moved mouse to:  (2008, 768)
00:27:19 Delay: 8
--------
00:27:27 Idle detection
00:27:27 Moved mouse to:  (2009, 769)
00:27:27 Delay: 6
--------
00:27:33 Idle detection
00:27:33 Moved mouse to:  (2010, 770)
00:27:33 Delay: 7
--------
00:27:40 Idle detection
00:27:40 Moved mouse to:  (2011, 771)
00:27:40 Delay: 9
--------
00:27:49 Idle detection
00:27:49 Moved mouse to:  (2012, 772)
00:27:49 Delay: 9
--------
00:27:58 Idle detection
00:27:58 Moved mouse to:  (2013, 773)
00:27:58 Delay: 9
--------
00:28:07 Idle detection
00:28:07 Moved mouse to:  (2014, 774)
00:28:07 Delay: 4
--------
00:28:11 Idle detection
00:28:11 Moved mouse to:  (2015, 775)
00:28:11 Delay: 5
--------
00:28:16 Idle detection
00:28:16 Moved mouse to:  (2016, 776)
00:28:16 Delay: 9
--------
00:28:25 Idle detection
00:28:25 Moved mouse to:  (2017, 777)
00:28:25 Delay: 8
--------
00:28:33 Idle detection
00:28:33 Moved mouse to:  (2018, 778)
00:28:33 Delay: 6
--------
00:28:39 Idle detection
00:28:39 Moved mouse to:  (2019, 779)
00:28:39 Delay: 8
--------
00:28:47 Idle detection
00:28:47 Moved mouse to:  (2020, 780)
00:28:47 Delay: 5
--------
00:28:52 Idle detection
00:28:52 Moved mouse to:  (2021, 781)
00:28:52 Delay: 10
--------
00:29:02 Idle detection
00:29:02 Moved mouse to:  (2022, 782)
00:29:02 Delay: 4
--------
00:29:06 Idle detection
00:29:06 Moved mouse to:  (2023, 783)
00:29:06 Delay: 4
--------
00:29:10 Idle detection
00:29:10 Moved mouse to:  (2024, 784)
00:29:10 Delay: 9
--------
00:29:19 Idle detection
00:29:19 Moved mouse to:  (2025, 785)
00:29:19 Delay: 6
--------
00:29:25 Idle detection
00:29:25 Moved mouse to:  (2026, 786)
00:29:25 Delay: 9
--------
00:29:34 Idle detection
00:29:34 Moved mouse to:  (2027, 787)
00:29:34 Delay: 8
--------
00:29:42 Idle detection
00:29:42 Moved mouse to:  (2028, 788)
00:29:42 Delay: 8
--------
00:29:50 Idle detection
00:29:50 Moved mouse to:  (2029, 789)
00:29:50 Delay: 8
--------
00:29:58 Idle detection
00:29:58 Moved mouse to:  (2030, 790)
00:29:58 Delay: 9
--------
00:30:07 Idle detection
00:30:07 Moved mouse to:  (2031, 791)
00:30:07 Delay: 8
--------
00:30:15 Idle detection
00:30:15 Moved mouse to:  (2032, 792)
00:30:15 Delay: 10
--------
00:30:25 Idle detection
00:30:25 Moved mouse to:  (2033, 793)
00:30:25 Delay: 7
--------
00:30:32 Idle detection
00:30:32 Moved mouse to:  (2034, 794)
00:30:32 Delay: 10
--------
00:30:42 Idle detection
00:30:42 Moved mouse to:  (2035, 795)
00:30:42 Delay: 5
--------
00:30:47 Idle detection
00:30:47 Moved mouse to:  (2036, 796)
00:30:47 Delay: 10
--------
00:30:57 Idle detection
00:30:57 Moved mouse to:  (2037, 797)
00:30:57 Delay: 8
--------
00:31:05 Idle detection
00:31:05 Moved mouse to:  (2038, 798)
00:31:05 Delay: 7
--------
00:31:12 Idle detection
00:31:12 Moved mouse to:  (2039, 799)
00:31:12 Delay: 6
--------
00:31:18 Idle detection
00:31:18 Moved mouse to:  (2040, 800)
00:31:18 Delay: 10
--------
00:31:28 Idle detection
00:31:28 Moved mouse to:  (2041, 801)
00:31:28 Delay: 4
--------
00:31:32 Idle detection
00:31:32 Moved mouse to:  (2042, 802)
00:31:32 Delay: 9
--------
00:31:41 Idle detection
00:31:41 Moved mouse to:  (2043, 803)
00:31:41 Delay: 10
--------
00:31:51 Idle detection
00:31:51 Moved mouse to:  (2044, 804)
00:31:51 Delay: 10
--------
00:32:01 Idle detection
00:32:01 Moved mouse to:  (2045, 805)
00:32:01 Delay: 6
--------
00:32:07 Idle detection
00:32:07 Moved mouse to:  (2046, 806)
00:32:07 Delay: 7
--------
00:32:14 Idle detection
00:32:14 Moved mouse to:  (2047, 807)
00:32:14 Delay: 8
--------
00:32:22 Idle detection
00:32:22 Moved mouse to:  (2048, 808)
00:32:22 Delay: 7
--------
00:32:29 Idle detection
00:32:29 Moved mouse to:  (2049, 809)
00:32:29 Delay: 4
--------
00:32:33 Idle detection
00:32:33 Moved mouse to:  (2050, 810)
00:32:33 Delay: 8
--------
00:32:41 Idle detection
00:32:41 Moved mouse to:  (2051, 811)
00:32:41 Delay: 7
--------
00:32:48 Idle detection
00:32:48 Moved mouse to:  (2052, 812)
00:32:48 Delay: 9
--------
00:32:57 Idle detection
00:32:57 Moved mouse to:  (2053, 813)
00:32:57 Delay: 6
--------
00:33:03 Idle detection
00:33:03 Moved mouse to:  (2054, 814)
00:33:03 Delay: 5
--------
00:33:08 Idle detection
00:33:08 Moved mouse to:  (2055, 815)
00:33:08 Delay: 8
--------
00:33:16 Idle detection
00:33:16 Moved mouse to:  (2056, 816)
00:33:16 Delay: 4
--------
00:33:20 Idle detection
00:33:20 Moved mouse to:  (2057, 817)
00:33:20 Delay: 8
--------
00:33:28 Idle detection
00:33:28 Moved mouse to:  (2058, 818)
00:33:28 Delay: 10
--------
00:33:38 Idle detection
00:33:38 Moved mouse to:  (2059, 819)
00:33:38 Delay: 7
--------
00:33:45 Idle detection
00:33:45 Moved mouse to:  (2060, 820)
00:33:45 Delay: 5
--------
00:33:51 Idle detection
00:33:51 Moved mouse to:  (2061, 821)
00:33:51 Delay: 10
--------
00:34:01 Idle detection
00:34:01 Moved mouse to:  (2062, 822)
00:34:01 Delay: 5
--------
00:34:06 Idle detection
00:34:06 Moved mouse to:  (2063, 823)
00:34:06 Delay: 10
--------
00:34:16 Idle detection
00:34:16 Moved mouse to:  (2064, 824)
00:34:16 Delay: 9
--------
00:34:25 Idle detection
00:34:25 Moved mouse to:  (2065, 825)
00:34:25 Delay: 10
--------
00:34:35 Idle detection
00:34:35 Moved mouse to:  (2066, 826)
00:34:35 Delay: 8
--------
00:34:43 Idle detection
00:34:43 Moved mouse to:  (2067, 827)
00:34:43 Delay: 5
--------
00:34:48 Idle detection
00:34:48 Moved mouse to:  (2068, 828)
00:34:48 Delay: 8
--------
00:34:56 Idle detection
00:34:56 Moved mouse to:  (2069, 829)
00:34:56 Delay: 6
--------
00:35:02 Idle detection
00:35:02 Moved mouse to:  (2070, 830)
00:35:02 Delay: 7
--------
00:35:09 Idle detection
00:35:09 Moved mouse to:  (2071, 831)
00:35:09 Delay: 7
--------
00:35:16 Idle detection
00:35:16 Moved mouse to:  (2072, 832)
00:35:16 Delay: 8
--------
00:35:24 Idle detection
00:35:24 Moved mouse to:  (2073, 833)
00:35:24 Delay: 4
--------
00:35:28 Idle detection
00:35:28 Moved mouse to:  (2074, 834)
00:35:28 Delay: 8
--------
00:35:36 Idle detection
00:35:36 Moved mouse to:  (2075, 835)
00:35:36 Delay: 5
--------
00:35:41 Idle detection
00:35:41 Moved mouse to:  (2076, 836)
00:35:41 Delay: 8
--------
00:35:49 Idle detection
00:35:49 Moved mouse to:  (2077, 837)
00:35:49 Delay: 6
--------
00:35:55 Idle detection
00:35:55 Moved mouse to:  (2078, 838)
00:35:55 Delay: 8
--------
00:36:03 Idle detection
00:36:03 Moved mouse to:  (2079, 839)
00:36:03 Delay: 8
--------
00:36:11 Idle detection
00:36:11 Moved mouse to:  (2080, 840)
00:36:11 Delay: 8
--------
00:36:19 Idle detection
00:36:19 Moved mouse to:  (2081, 841)
00:36:19 Delay: 6
--------
00:36:25 Idle detection
00:36:25 Moved mouse to:  (2082, 842)
00:36:25 Delay: 7
--------
00:36:32 Idle detection
00:36:32 Moved mouse to:  (2083, 843)
00:36:32 Delay: 5
--------
00:36:37 Idle detection
00:36:37 Moved mouse to:  (2084, 844)
00:36:37 Delay: 8
--------
00:36:45 Idle detection
00:36:45 Moved mouse to:  (2085, 845)
00:36:45 Delay: 7
--------
00:36:52 Idle detection
00:36:52 Moved mouse to:  (2086, 846)
00:36:52 Delay: 10
--------
00:37:02 Idle detection
00:37:02 Moved mouse to:  (2087, 847)
00:37:02 Delay: 10
--------
00:37:12 Idle detection
00:37:12 Moved mouse to:  (2088, 848)
00:37:12 Delay: 8
--------
00:37:20 Idle detection
00:37:20 Moved mouse to:  (2089, 849)
00:37:20 Delay: 7
--------
00:37:27 Idle detection
00:37:27 Moved mouse to:  (2090, 850)
00:37:27 Delay: 8
--------
00:37:35 Idle detection
00:37:35 Moved mouse to:  (2091, 851)
00:37:35 Delay: 6
--------
00:37:41 Idle detection
00:37:41 Moved mouse to:  (2092, 852)
00:37:41 Delay: 7
--------
00:37:48 Idle detection
00:37:48 Moved mouse to:  (2093, 853)
00:37:48 Delay: 7
--------
00:37:55 Idle detection
00:37:55 Moved mouse to:  (2094, 854)
00:37:55 Delay: 7
--------
00:38:02 Idle detection
00:38:02 Moved mouse to:  (2095, 855)
00:38:02 Delay: 9
--------
00:38:11 Idle detection
00:38:11 Moved mouse to:  (2096, 856)
00:38:11 Delay: 8
--------
00:38:19 Idle detection
00:38:19 Moved mouse to:  (2097, 857)
00:38:19 Delay: 5
--------
00:38:24 Idle detection
00:38:24 Moved mouse to:  (2098, 858)
00:38:24 Delay: 8
--------
00:38:32 Idle detection
00:38:32 Moved mouse to:  (2099, 859)
00:38:32 Delay: 6
--------
00:38:38 Idle detection
00:38:38 Moved mouse to:  (2100, 860)
00:38:38 Delay: 5
--------
00:38:43 Idle detection
00:38:43 Moved mouse to:  (2101, 861)
00:38:43 Delay: 6
--------
00:38:49 Idle detection
00:38:49 Moved mouse to:  (2102, 862)
00:38:49 Delay: 5
--------
00:38:54 Idle detection
00:38:54 Moved mouse to:  (2103, 863)
00:38:54 Delay: 10
--------
00:39:04 Idle detection
00:39:04 Moved mouse to:  (2104, 864)
00:39:04 Delay: 5
--------
00:39:09 Idle detection
00:39:09 Moved mouse to:  (2105, 865)
00:39:09 Delay: 10
--------
00:39:19 Idle detection
00:39:19 Moved mouse to:  (2106, 866)
00:39:19 Delay: 10
--------
00:39:29 Idle detection
00:39:29 Moved mouse to:  (2107, 867)
00:39:29 Delay: 8
--------
00:39:37 Idle detection
00:39:37 Moved mouse to:  (2108, 868)
00:39:37 Delay: 6
--------
00:39:43 Idle detection
00:39:43 Moved mouse to:  (2109, 869)
00:39:43 Delay: 7
--------
00:39:50 Idle detection
00:39:50 Moved mouse to:  (2110, 870)
00:39:50 Delay: 9
--------
00:39:59 Idle detection
00:39:59 Moved mouse to:  (2111, 871)
00:39:59 Delay: 7
--------
00:40:06 User activity detected
00:40:06 Delay: 9
--------
00:40:15 Idle detection
00:40:15 Moved mouse to:  (2560, 1)
00:40:15 Delay: 6
--------
00:40:21 Idle detection
00:40:21 Moved mouse to:  (2561, 2)
00:40:21 Delay: 10
--------
00:40:31 User activity detected
00:40:31 Delay: 9
--------
00:40:40 Idle detection
00:40:40 Moved mouse to:  (3277, 1)
00:40:40 Delay: 10
--------
00:40:50 Idle detection
00:40:50 Moved mouse to:  (3278, 2)
00:40:50 Delay: 9
--------
00:40:59 Idle detection
00:40:59 Moved mouse to:  (3279, 3)
00:40:59 Delay: 8
--------
00:41:07 Idle detection
00:41:07 Moved mouse to:  (3280, 4)
00:41:07 Delay: 7
--------
00:41:14 Idle detection
00:41:14 Moved mouse to:  (3281, 5)
00:41:14 Delay: 6
--------
00:41:20 Idle detection
00:41:20 Moved mouse to:  (3282, 6)
00:41:20 Delay: 9
--------
00:41:29 Idle detection
00:41:29 Moved mouse to:  (3283, 7)
00:41:29 Delay: 4
--------
00:41:33 Idle detection
00:41:33 Moved mouse to:  (3284, 8)
00:41:33 Delay: 7
--------
00:41:40 Idle detection
00:41:40 Moved mouse to:  (3285, 9)
00:41:40 Delay: 7
--------
00:41:47 Idle detection
00:41:47 Moved mouse to:  (3286, 10)
00:41:47 Delay: 7
--------
00:41:54 Idle detection
00:41:54 Moved mouse to:  (3287, 11)
00:41:54 Delay: 8
--------
00:42:02 Idle detection
00:42:02 Moved mouse to:  (3288, 12)
00:42:02 Delay: 4
--------
00:42:06 Idle detection
00:42:06 Moved mouse to:  (3289, 13)
00:42:06 Delay: 8
--------
00:42:14 Idle detection
00:42:14 Moved mouse to:  (3290, 14)
00:42:14 Delay: 5
--------
00:42:19 Idle detection
00:42:19 Moved mouse to:  (3291, 15)
00:42:19 Delay: 9
--------
00:42:28 Idle detection
00:42:28 Moved mouse to:  (3292, 16)
00:42:28 Delay: 6
--------
00:42:34 Idle detection
00:42:34 Moved mouse to:  (3293, 17)
00:42:34 Delay: 9
--------
00:42:43 Idle detection
00:42:43 Moved mouse to:  (3294, 18)
00:42:43 Delay: 9
--------
00:42:52 User activity detected
00:42:52 Delay: 9
--------
00:43:01 Idle detection
00:43:01 Moved mouse to:  (2681, 1)
00:43:01 Delay: 6
--------
00:43:07 Idle detection
00:43:07 Moved mouse to:  (2682, 2)
00:43:07 Delay: 5
--------
00:43:12 Idle detection
00:43:12 Moved mouse to:  (2683, 3)
00:43:12 Delay: 4
--------
00:43:16 Idle detection
00:43:16 Moved mouse to:  (2684, 4)
00:43:16 Delay: 5
--------
00:43:21 Idle detection
00:43:21 Moved mouse to:  (2685, 5)
00:43:21 Delay: 6
--------
00:43:27 Idle detection
00:43:27 Moved mouse to:  (2686, 6)
00:43:27 Delay: 4
--------
00:43:31 Idle detection
00:43:31 Moved mouse to:  (2687, 7)
00:43:31 Delay: 6
--------
00:43:37 Idle detection
00:43:37 Moved mouse to:  (2688, 8)
00:43:37 Delay: 6
--------
00:43:43 Idle detection
00:43:43 Moved mouse to:  (2689, 9)
00:43:43 Delay: 8
--------
00:43:51 Idle detection
00:43:51 Moved mouse to:  (2690, 10)
00:43:51 Delay: 9
--------
00:44:00 Idle detection
00:44:00 Moved mouse to:  (2691, 11)
00:44:00 Delay: 10
--------
00:44:10 Idle detection
00:44:10 Moved mouse to:  (2692, 12)
00:44:10 Delay: 9
--------
00:44:19 Idle detection
00:44:19 Moved mouse to:  (2693, 13)
00:44:19 Delay: 6
--------
00:44:25 Idle detection
00:44:25 Moved mouse to:  (2694, 14)
00:44:25 Delay: 8
--------
00:44:33 Idle detection
00:44:33 Moved mouse to:  (2695, 15)
00:44:33 Delay: 5
--------
00:44:38 Idle detection
00:44:38 Moved mouse to:  (2696, 16)
00:44:38 Delay: 10
--------
00:44:48 Idle detection
00:44:48 Moved mouse to:  (2697, 17)
00:44:49 Delay: 8
--------
00:44:57 Idle detection
00:44:57 Moved mouse to:  (2698, 18)
00:44:57 Delay: 5
--------
00:45:02 Idle detection
00:45:02 Moved mouse to:  (2699, 19)
00:45:02 Delay: 9
--------
00:45:11 Idle detection
00:45:11 Moved mouse to:  (2700, 20)
00:45:11 Delay: 5
--------
00:45:16 Idle detection
00:45:16 Moved mouse to:  (2701, 21)
00:45:16 Delay: 10
--------
00:45:26 Idle detection
00:45:26 Moved mouse to:  (2702, 22)
00:45:26 Delay: 6
--------
00:45:32 Idle detection
00:45:32 Moved mouse to:  (2703, 23)
00:45:32 Delay: 7
--------
00:45:39 Idle detection
00:45:39 Moved mouse to:  (2704, 24)
00:45:39 Delay: 6
--------
00:45:45 Idle detection
00:45:45 Moved mouse to:  (2705, 25)
00:45:45 Delay: 10
--------
00:45:55 Idle detection
00:45:55 Moved mouse to:  (2706, 26)
00:45:55 Delay: 4
--------
00:45:59 Idle detection
00:45:59 Moved mouse to:  (2707, 27)
00:45:59 Delay: 4
--------
00:46:03 Idle detection
00:46:03 Moved mouse to:  (2708, 28)
00:46:03 Delay: 10
--------
00:46:13 Idle detection
00:46:13 Moved mouse to:  (2709, 29)
00:46:13 Delay: 4
--------
00:46:17 Idle detection
00:46:17 Moved mouse to:  (2710, 30)
00:46:17 Delay: 8
--------
00:46:25 Idle detection
00:46:25 Moved mouse to:  (2711, 31)
00:46:25 Delay: 9
--------
00:46:34 Idle detection
00:46:34 Moved mouse to:  (2712, 32)
00:46:34 Delay: 5
--------
00:46:39 Idle detection
00:46:39 Moved mouse to:  (2713, 33)
00:46:39 Delay: 6
--------
00:46:45 Idle detection
00:46:45 Moved mouse to:  (2714, 34)
00:46:45 Delay: 9
--------
00:46:54 Idle detection
00:46:54 Moved mouse to:  (2715, 35)
00:46:54 Delay: 8
--------
00:47:02 Idle detection
00:47:02 Moved mouse to:  (2716, 36)
00:47:02 Delay: 5
--------
00:47:07 Idle detection
00:47:07 Moved mouse to:  (2717, 37)
00:47:07 Delay: 8
--------
00:47:15 Idle detection
00:47:15 Moved mouse to:  (2718, 38)
00:47:15 Delay: 6
--------
00:47:21 Idle detection
00:47:21 Moved mouse to:  (2719, 39)
00:47:21 Delay: 8
--------
00:47:29 Idle detection
00:47:29 Moved mouse to:  (2720, 40)
00:47:29 Delay: 6
--------
00:47:35 Idle detection
00:47:35 Moved mouse to:  (2721, 41)
00:47:35 Delay: 6
--------
00:47:41 Idle detection
00:47:41 Moved mouse to:  (2722, 42)
00:47:41 Delay: 10
--------
00:47:51 User activity detected
00:47:51 Delay: 6
--------
00:47:57 User activity detected
00:47:57 Delay: 10
--------
00:48:07 User activity detected
00:48:07 Delay: 9
--------
00:48:16 User activity detected
00:48:16 Delay: 7
--------
00:48:23 User activity detected
00:48:23 Delay: 4
--------
00:48:27 User activity detected
00:48:27 Delay: 5
--------
00:48:32 User activity detected
00:48:32 Delay: 9
--------
00:48:41 User activity detected
00:48:41 Delay: 5
--------
00:48:46 User activity detected
00:48:46 Delay: 4
--------
00:48:50 User activity detected
00:48:50 Delay: 10
--------
00:49:00 User activity detected
00:49:00 Delay: 7
--------
00:49:07 User activity detected
00:49:07 Delay: 10
--------
00:49:17 User activity detected
00:49:17 Delay: 6
--------
00:49:23 User activity detected
00:49:23 Delay: 9
--------
00:49:32 User activity detected
00:49:32 Delay: 8
--------
00:49:40 User activity detected
00:49:40 Delay: 10
--------
00:49:50 User activity detected
00:49:50 Delay: 9
--------
00:49:59 User activity detected
00:49:59 Delay: 4
--------
00:50:03 User activity detected
00:50:03 Delay: 7
--------
00:50:10 User activity detected
00:50:10 Delay: 9
--------
00:50:19 User activity detected
00:50:19 Delay: 7
--------
00:50:26 Idle detection
00:50:26 Moved mouse to:  (979, 799)
00:50:26 Delay: 10
--------
00:50:36 User activity detected
00:50:36 Delay: 7
--------
00:50:43 Idle detection
00:50:43 Moved mouse to:  (1122, 869)
00:50:43 Delay: 8
--------
00:50:51 User activity detected
00:50:51 Delay: 6
--------
00:50:57 User activity detected
00:50:57 Delay: 4
--------
00:51:01 User activity detected
00:51:01 Delay: 5
--------
00:51:06 User activity detected
00:51:06 Delay: 8
--------
00:51:14 User activity detected
00:51:14 Delay: 8
--------
00:51:22 User activity detected
00:51:22 Delay: 8
--------
00:51:30 User activity detected
00:51:30 Delay: 10
--------
00:51:40 User activity detected
00:51:40 Delay: 10
--------
00:51:50 User activity detected
00:51:50 Delay: 6
--------
00:51:56 User activity detected
00:51:56 Delay: 6
--------
00:52:02 User activity detected
00:52:02 Delay: 5
--------
00:52:07 User activity detected
00:52:07 Delay: 5
--------
00:52:12 User activity detected
00:52:12 Delay: 9
--------
00:52:21 User activity detected
00:52:21 Delay: 6
--------
00:52:27 User activity detected
00:52:27 Delay: 6
--------
00:52:33 User activity detected
00:52:33 Delay: 6
--------
00:52:39 User activity detected
00:52:39 Delay: 6
--------
00:52:45 User activity detected
00:52:45 Delay: 6
--------
00:52:51 User activity detected
00:52:51 Delay: 5
--------
00:52:56 User activity detected
00:52:56 Delay: 5
--------
00:53:01 Idle detection
00:53:01 Moved mouse to:  (913, 886)
00:53:01 Delay: 9
--------
00:53:10 User activity detected
00:53:10 Delay: 10
--------
00:53:20 User activity detected
00:53:20 Delay: 8
--------
00:53:28 User activity detected
00:53:28 Delay: 10
--------
00:53:38 User activity detected
00:53:38 Delay: 4
--------
00:53:42 User activity detected
00:53:42 Delay: 5
--------
00:53:47 User activity detected
00:53:47 Delay: 7
--------
00:53:54 User activity detected
00:53:54 Delay: 6
--------
00:54:00 User activity detected
00:54:00 Delay: 6
--------
00:54:06 User activity detected
00:54:06 Delay: 5
--------
00:54:11 User activity detected
00:54:11 Delay: 9
--------
00:54:20 User activity detected
00:54:20 Delay: 7
--------
00:54:27 User activity detected
00:54:27 Delay: 4
--------
00:54:31 User activity detected
00:54:31 Delay: 5
--------
00:54:36 Idle detection
00:54:36 Moved mouse to:  (885, 778)
00:54:36 Delay: 9
--------
00:54:45 User activity detected
00:54:45 Delay: 9
--------
00:54:54 User activity detected
00:54:54 Delay: 9
--------
00:55:03 User activity detected
00:55:03 Delay: 8
--------
00:55:11 User activity detected
00:55:11 Delay: 5
--------
00:55:16 User activity detected
00:55:16 Delay: 6
--------
00:55:22 User activity detected
00:55:22 Delay: 4
--------
00:55:26 User activity detected
00:55:26 Delay: 9
--------
00:55:35 User activity detected
00:55:35 Delay: 9
--------
00:55:44 User activity detected
00:55:44 Delay: 7
--------
00:55:51 User activity detected
00:55:51 Delay: 5
--------
00:55:56 User activity detected
00:55:56 Delay: 6
--------
00:56:02 User activity detected
00:56:02 Delay: 4
--------
00:56:06 User activity detected
00:56:06 Delay: 6
--------
00:56:12 User activity detected
00:56:12 Delay: 6
--------
00:56:18 User activity detected
00:56:18 Delay: 6
--------
00:56:24 User activity detected
00:56:24 Delay: 10
--------
00:56:34 User activity detected
00:56:34 Delay: 9
--------
00:56:43 User activity detected
00:56:43 Delay: 10
--------
00:56:53 User activity detected
00:56:53 Delay: 10
--------
00:57:03 Idle detection
00:57:03 Moved mouse to:  (3114, 1297)
00:57:03 Delay: 4
--------
00:57:07 User activity detected
00:57:07 Delay: 9
--------
00:57:16 User activity detected
00:57:16 Delay: 5
--------
00:57:21 User activity detected
00:57:21 Delay: 5
--------
00:57:26 User activity detected
00:57:26 Delay: 9
--------
00:57:35 User activity detected
00:57:35 Delay: 4
--------
00:57:39 Idle detection
00:57:39 Moved mouse to:  (947, 1929)
00:57:39 Delay: 5
--------
00:57:44 Idle detection
00:57:44 Moved mouse to:  (948, 1930)
00:57:44 Delay: 5
--------
00:57:49 User activity detected
00:57:49 Delay: 5
--------
00:57:54 User activity detected
00:57:54 Delay: 6
--------
00:58:00 User activity detected
00:58:00 Delay: 4
--------
00:58:04 User activity detected
00:58:04 Delay: 10
--------
00:58:14 User activity detected
00:58:14 Delay: 10
--------
00:58:24 User activity detected
00:58:24 Delay: 8
--------
00:58:32 User activity detected
00:58:32 Delay: 8
--------
00:58:40 User activity detected
00:58:40 Delay: 8
--------
00:58:49 Idle detection
00:58:49 Moved mouse to:  (814, 1918)
00:58:49 Delay: 4
--------
00:58:53 Idle detection
00:58:53 Moved mouse to:  (815, 1919)
00:58:53 Delay: 8
--------
00:59:01 User activity detected
00:59:01 Delay: 5
--------
00:59:06 User activity detected
00:59:06 Delay: 6
--------
00:59:12 User activity detected
00:59:12 Delay: 4
--------
00:59:16 User activity detected
00:59:16 Delay: 5
--------
00:59:21 User activity detected
00:59:21 Delay: 7
--------
00:59:28 User activity detected
00:59:28 Delay: 10
--------
00:59:38 User activity detected
00:59:38 Delay: 5
--------
00:59:43 User activity detected
00:59:43 Delay: 7
--------
00:59:50 User activity detected
00:59:50 Delay: 10
--------
01:00:00 User activity detected
01:00:00 Delay: 8
--------
01:00:08 User activity detected
01:00:08 Delay: 5
--------
01:00:13 User activity detected
01:00:13 Delay: 6
--------
01:00:19 User activity detected
01:00:19 Delay: 8
--------
01:00:27 User activity detected
01:00:27 Delay: 5
--------
01:00:32 User activity detected
01:00:32 Delay: 8
--------
01:00:40 User activity detected
01:00:40 Delay: 5
--------
01:00:45 User activity detected
01:00:45 Delay: 9
--------
01:00:54 User activity detected
01:00:54 Delay: 4
--------
01:00:58 User activity detected
01:00:58 Delay: 10
--------
01:01:08 Idle detection
01:01:08 Moved mouse to:  (957, 1427)
01:01:08 Delay: 9
--------
01:01:17 User activity detected
01:01:17 Delay: 8
--------
01:01:25 User activity detected
01:01:25 Delay: 5
--------
01:01:30 User activity detected
01:01:30 Delay: 7
--------
01:01:37 User activity detected
01:01:37 Delay: 6
--------
01:01:43 User activity detected
01:01:43 Delay: 7
--------
01:01:50 User activity detected
01:01:50 Delay: 5
--------
01:01:55 Idle detection
01:01:55 Moved mouse to:  (531, 1651)
01:01:55 Delay: 5
--------
01:02:00 Idle detection
01:02:00 Moved mouse to:  (532, 1652)
01:02:00 Delay: 8
--------
01:02:08 Idle detection
01:02:08 Moved mouse to:  (533, 1653)
01:02:08 Delay: 9
--------
01:02:17 User activity detected
01:02:17 Delay: 9
--------
01:02:26 User activity detected
01:02:26 Delay: 6
--------
01:02:32 Idle detection
01:02:32 Moved mouse to:  (975, 1373)
01:02:32 Delay: 10
--------
01:02:42 Idle detection
01:02:42 Moved mouse to:  (976, 1374)
01:02:42 Delay: 8
--------
01:02:50 Idle detection
01:02:50 Moved mouse to:  (977, 1375)
01:02:50 Delay: 7
--------
01:02:57 Idle detection
01:02:57 Moved mouse to:  (978, 1376)
01:02:57 Delay: 6
--------
01:03:03 User activity detected
01:03:03 Delay: 9
--------
01:03:12 User activity detected
01:03:12 Delay: 9
--------
01:03:21 User activity detected
01:03:21 Delay: 5
--------
01:03:26 Idle detection
01:03:26 Moved mouse to:  (827, 624)
01:03:26 Delay: 5
--------
01:03:31 User activity detected
01:03:31 Delay: 7
--------
01:03:38 User activity detected
01:03:38 Delay: 10
--------
01:03:48 User activity detected
01:03:48 Delay: 6
--------
01:03:54 Idle detection
01:03:54 Moved mouse to:  (1661, 108)
01:03:54 Delay: 10
--------
01:04:04 User activity detected
01:04:04 Delay: 10
--------
01:04:14 User activity detected
01:04:14 Delay: 7
--------
01:04:21 User activity detected
01:04:21 Delay: 8
--------
01:04:29 User activity detected
01:04:29 Delay: 9
--------
01:04:38 User activity detected
01:04:38 Delay: 4
--------
01:04:42 User activity detected
01:04:42 Delay: 4
--------
01:04:46 User activity detected
01:04:46 Delay: 5
--------
01:04:51 User activity detected
01:04:51 Delay: 9
--------
01:05:00 User activity detected
01:05:00 Delay: 4
--------
01:05:04 User activity detected
01:05:04 Delay: 6
--------
01:05:10 User activity detected
01:05:10 Delay: 9
--------
01:05:19 User activity detected
01:05:19 Delay: 10
--------
01:05:29 Idle detection
01:05:29 Moved mouse to:  (1248, 1917)
01:05:29 Delay: 8
--------
01:05:37 Idle detection
01:05:37 Moved mouse to:  (1249, 1918)
01:05:37 Delay: 6
--------
01:05:43 Idle detection
01:05:43 Moved mouse to:  (1250, 1919)
01:05:43 Delay: 8
--------
01:05:51 Idle detection
01:05:51 Moved mouse to:  (1251, 1920)
01:05:51 Delay: 8
--------
01:05:59 Idle detection
01:05:59 Moved mouse to:  (1252, 1921)
01:05:59 Delay: 8
--------
01:06:07 Idle detection
01:06:07 Moved mouse to:  (1253, 1922)
01:06:07 Delay: 4
--------
01:06:11 Idle detection
01:06:11 Moved mouse to:  (1254, 1923)
01:06:11 Delay: 8
--------
01:06:19 User activity detected
01:06:19 Delay: 9
--------
01:06:28 User activity detected
01:06:28 Delay: 6
--------
01:06:34 User activity detected
01:06:34 Delay: 7
--------
01:06:41 Idle detection
01:06:41 Moved mouse to:  (1436, 1697)
01:06:41 Delay: 4
--------
01:06:45 Idle detection
01:06:45 Moved mouse to:  (1437, 1698)
01:06:45 Delay: 5
--------
01:06:50 Idle detection
01:06:50 Moved mouse to:  (1438, 1699)
01:06:50 Delay: 5
--------
01:06:55 Idle detection
01:06:55 Moved mouse to:  (1439, 1700)
01:06:55 Delay: 7
--------
01:07:02 User activity detected
01:07:02 Delay: 5
--------
01:07:07 User activity detected
01:07:07 Delay: 4
--------
01:07:11 Idle detection
01:07:11 Moved mouse to:  (598, 1761)
01:07:11 Delay: 9
--------
01:07:20 User activity detected
01:07:20 Delay: 10
--------
01:07:30 User activity detected
01:07:30 Delay: 8
--------
01:07:38 User activity detected
01:07:38 Delay: 10
--------
01:07:48 Idle detection
01:07:48 Moved mouse to:  (973, 1664)
01:07:48 Delay: 10
--------
01:07:58 Idle detection
01:07:58 Moved mouse to:  (974, 1665)
01:07:58 Delay: 5
--------
01:08:03 Idle detection
01:08:03 Moved mouse to:  (975, 1666)
01:08:03 Delay: 10
--------
01:08:13 Idle detection
01:08:13 Moved mouse to:  (976, 1667)
01:08:13 Delay: 6
--------
01:08:19 Idle detection
01:08:19 Moved mouse to:  (977, 1668)
01:08:19 Delay: 9
--------
01:08:28 Idle detection
01:08:28 Moved mouse to:  (978, 1669)
01:08:28 Delay: 9
--------
01:08:37 Idle detection
01:08:37 Moved mouse to:  (979, 1670)
01:08:37 Delay: 5
--------
01:08:42 Idle detection
01:08:42 Moved mouse to:  (980, 1671)
01:08:42 Delay: 7
--------
01:08:49 User activity detected
01:08:49 Delay: 4
--------
01:08:53 Idle detection
01:08:53 Moved mouse to:  (955, 1795)
01:08:53 Delay: 10
--------
01:09:03 Idle detection
01:09:03 Moved mouse to:  (956, 1796)
01:09:03 Delay: 9
--------
01:09:12 Idle detection
01:09:12 Moved mouse to:  (957, 1797)
01:09:12 Delay: 5
--------
01:09:17 Idle detection
01:09:17 Moved mouse to:  (958, 1798)
01:09:17 Delay: 8
--------
01:09:25 Idle detection
01:09:25 Moved mouse to:  (959, 1799)
01:09:25 Delay: 6
--------
01:09:31 Idle detection
01:09:31 Moved mouse to:  (960, 1800)
01:09:31 Delay: 5
--------
01:09:36 Idle detection
01:09:36 Moved mouse to:  (961, 1801)
01:09:36 Delay: 7
--------
01:09:43 Idle detection
01:09:43 Moved mouse to:  (962, 1802)
01:09:43 Delay: 8
--------
01:09:51 Idle detection
01:09:51 Moved mouse to:  (963, 1803)
01:09:51 Delay: 7
--------
01:09:58 User activity detected
01:09:58 Delay: 6
--------
01:10:04 User activity detected
01:10:04 Delay: 7
--------
01:10:11 User activity detected
01:10:11 Delay: 4
--------
01:10:15 User activity detected
01:10:15 Delay: 5
--------
01:10:20 User activity detected
01:10:20 Delay: 6
--------
01:10:26 User activity detected
01:10:26 Delay: 8
--------
01:10:34 User activity detected
01:10:34 Delay: 7
--------
01:10:41 User activity detected
01:10:41 Delay: 9
--------
01:10:50 User activity detected
01:10:50 Delay: 4
--------
01:10:54 User activity detected
01:10:54 Delay: 4
--------
01:10:58 User activity detected
01:10:58 Delay: 7
--------
01:11:05 User activity detected
01:11:05 Delay: 10
--------
01:11:15 User activity detected
01:11:15 Delay: 4
--------
01:11:19 User activity detected
01:11:19 Delay: 6
--------
01:11:25 User activity detected
01:11:25 Delay: 7
--------
01:11:32 User activity detected
01:11:32 Delay: 6
--------
01:11:38 Idle detection
01:11:38 Moved mouse to:  (1529, 2002)
01:11:38 Delay: 5
--------
01:11:43 Idle detection
01:11:43 Moved mouse to:  (1530, 2003)
01:11:43 Delay: 4
--------
01:11:47 Idle detection
01:11:47 Moved mouse to:  (1531, 2004)
01:11:47 Delay: 10
--------
01:11:57 Idle detection
01:11:57 Moved mouse to:  (1532, 2005)
01:11:57 Delay: 5
--------
01:12:02 Idle detection
01:12:02 Moved mouse to:  (1533, 2006)
01:12:02 Delay: 4
--------
01:12:06 Idle detection
01:12:06 Moved mouse to:  (1534, 2007)
01:12:06 Delay: 5
--------
01:12:11 Idle detection
01:12:11 Moved mouse to:  (1535, 2008)
01:12:11 Delay: 10
--------
01:12:21 Idle detection
01:12:21 Moved mouse to:  (1536, 2009)
01:12:21 Delay: 8
--------
01:12:29 User activity detected
01:12:29 Delay: 7
--------
01:12:36 User activity detected
01:12:36 Delay: 10
--------
01:12:46 Idle detection
01:12:46 Moved mouse to:  (850, 1845)
01:12:46 Delay: 10
--------
01:12:57 User activity detected
01:12:57 Delay: 4
--------
01:13:01 User activity detected
01:13:01 Delay: 4
--------
01:13:05 User activity detected
01:13:05 Delay: 6
--------
01:13:11 User activity detected
01:13:11 Delay: 10
--------
01:13:21 Idle detection
01:13:21 Moved mouse to:  (1297, 2109)
01:13:21 Delay: 9
--------
01:13:30 User activity detected
01:13:30 Delay: 7
--------
01:13:37 User activity detected
01:13:37 Delay: 9
--------
01:13:46 User activity detected
01:13:46 Delay: 6
--------
01:13:52 User activity detected
01:13:52 Delay: 9
--------
01:14:01 User activity detected
01:14:01 Delay: 9
--------
01:14:10 User activity detected
01:14:10 Delay: 9
--------
01:14:19 User activity detected
01:14:19 Delay: 8
--------
01:14:27 User activity detected
01:14:27 Delay: 6
--------
01:14:33 User activity detected
01:14:33 Delay: 7
--------
01:14:40 User activity detected
01:14:40 Delay: 7
--------
01:14:47 User activity detected
01:14:47 Delay: 8
--------
01:14:55 User activity detected
01:14:55 Delay: 5
--------
01:15:00 User activity detected
01:15:00 Delay: 8
--------
01:15:08 User activity detected
01:15:08 Delay: 8
--------
01:15:16 User activity detected
01:15:16 Delay: 6
--------
01:15:22 User activity detected
01:15:22 Delay: 4
--------
01:15:26 User activity detected
01:15:26 Delay: 6
--------
01:15:32 User activity detected
01:15:32 Delay: 9
--------
01:15:41 User activity detected
01:15:41 Delay: 4
--------
01:15:45 User activity detected
01:15:45 Delay: 4
--------
01:15:49 Idle detection
01:15:49 Moved mouse to:  (707, 2104)
01:15:49 Delay: 8
--------
01:15:57 User activity detected
01:15:57 Delay: 6
--------
01:16:03 Idle detection
01:16:03 Moved mouse to:  (1542, 1540)
01:16:03 Delay: 8
--------
01:16:11 User activity detected
01:16:11 Delay: 8
--------
01:16:19 User activity detected
01:16:19 Delay: 9
--------
01:16:28 User activity detected
01:16:28 Delay: 9
--------
01:16:37 User activity detected
01:16:37 Delay: 10
--------
01:16:47 User activity detected
01:16:47 Delay: 6
--------
01:16:53 User activity detected
01:16:53 Delay: 4
--------
01:16:57 User activity detected
01:16:57 Delay: 8
--------
01:17:05 User activity detected
01:17:05 Delay: 6
--------
01:17:11 User activity detected
01:17:11 Delay: 8
--------
01:17:19 User activity detected
01:17:19 Delay: 10
--------
01:17:29 User activity detected
01:17:29 Delay: 9
--------
01:17:38 User activity detected
01:17:38 Delay: 8
--------
01:17:46 User activity detected
01:17:46 Delay: 4
--------
01:17:50 User activity detected
01:17:50 Delay: 4
--------
01:17:54 User activity detected
01:17:54 Delay: 7
--------
01:18:01 User activity detected
01:18:01 Delay: 7
--------
01:18:08 User activity detected
01:18:08 Delay: 6
--------
01:18:14 User activity detected
01:18:14 Delay: 5
--------
01:18:19 User activity detected
01:18:19 Delay: 10
--------
01:18:29 User activity detected
01:18:29 Delay: 7
--------
01:18:36 User activity detected
01:18:36 Delay: 5
--------
01:18:41 User activity detected
01:18:41 Delay: 8
--------
01:18:49 User activity detected
01:18:49 Delay: 9
--------
01:18:58 User activity detected
01:18:58 Delay: 6
--------
01:19:04 User activity detected
01:19:04 Delay: 6
--------
01:19:10 User activity detected
01:19:10 Delay: 7
--------
01:19:17 User activity detected
01:19:17 Delay: 10
--------
01:19:27 User activity detected
01:19:27 Delay: 7
--------
01:19:34 User activity detected
01:19:34 Delay: 9
--------
01:19:43 User activity detected
01:19:43 Delay: 5
--------
01:19:48 User activity detected
01:19:48 Delay: 10
--------
01:19:58 User activity detected
01:19:58 Delay: 5
--------
01:20:03 User activity detected
01:20:03 Delay: 8
--------
01:20:11 User activity detected
01:20:11 Delay: 6
--------
01:20:17 User activity detected
01:20:17 Delay: 8
--------
01:20:25 User activity detected
01:20:25 Delay: 8
--------
01:20:33 User activity detected
01:20:33 Delay: 5
--------
01:20:38 Idle detection
01:20:38 Moved mouse to:  (928, 1892)
01:20:38 Delay: 7
--------
01:20:45 User activity detected
01:20:45 Delay: 7
--------
01:20:52 User activity detected
01:20:52 Delay: 10
--------
01:21:02 User activity detected
01:21:02 Delay: 5
--------
01:21:07 User activity detected
01:21:07 Delay: 8
--------
01:21:15 User activity detected
01:21:15 Delay: 9
--------
01:21:24 User activity detected
01:21:24 Delay: 7
--------
01:21:31 User activity detected
01:21:31 Delay: 8
--------
01:21:39 User activity detected
01:21:39 Delay: 9
--------
01:21:48 User activity detected
01:21:48 Delay: 7
--------
01:21:55 User activity detected
01:21:55 Delay: 9
--------
01:22:04 User activity detected
01:22:04 Delay: 4
--------
01:22:08 User activity detected
01:22:08 Delay: 6
--------
01:22:14 User activity detected
01:22:14 Delay: 6
--------
01:22:20 User activity detected
01:22:20 Delay: 7
--------
01:22:27 User activity detected
01:22:27 Delay: 4
--------
01:22:31 User activity detected
01:22:31 Delay: 9
--------
01:22:40 User activity detected
01:22:40 Delay: 9
--------
01:22:49 User activity detected
01:22:49 Delay: 6
--------
01:22:55 User activity detected
01:22:55 Delay: 9
--------
01:23:04 User activity detected
01:23:04 Delay: 9
--------
01:23:13 User activity detected
01:23:13 Delay: 4
--------
01:23:17 User activity detected
01:23:17 Delay: 5
--------
01:23:22 User activity detected
01:23:22 Delay: 7
--------
01:23:29 User activity detected
01:23:29 Delay: 10
--------
01:23:39 User activity detected
01:23:39 Delay: 9
--------
01:23:48 User activity detected
01:23:48 Delay: 6
--------
01:23:54 Idle detection
01:23:54 Moved mouse to:  (476, 1869)
01:23:54 Delay: 4
--------
01:23:58 Idle detection
01:23:58 Moved mouse to:  (477, 1870)
01:23:58 Delay: 4
--------
01:24:02 User activity detected
01:24:02 Delay: 6
--------
01:24:08 User activity detected
01:24:08 Delay: 4
--------
01:24:12 User activity detected
01:24:12 Delay: 6
--------
01:24:18 User activity detected
01:24:18 Delay: 8
--------
01:24:26 User activity detected
01:24:26 Delay: 6
--------
01:24:32 User activity detected
01:24:32 Delay: 9
--------
01:24:41 User activity detected
01:24:41 Delay: 9
--------
01:24:50 Idle detection
01:24:50 Moved mouse to:  (1459, 1865)
01:24:50 Delay: 4
--------
01:24:54 Idle detection
01:24:54 Moved mouse to:  (1460, 1866)
01:24:54 Delay: 9
--------
01:25:03 User activity detected
01:25:03 Delay: 8
--------
01:25:11 User activity detected
01:25:11 Delay: 9
--------
01:25:20 User activity detected
01:25:20 Delay: 9
--------
01:25:29 User activity detected
01:25:29 Delay: 9
--------
01:25:38 Idle detection
01:25:38 Moved mouse to:  (725, 1757)
01:25:38 Delay: 5
--------
01:25:43 Idle detection
01:25:43 Moved mouse to:  (726, 1758)
01:25:43 Delay: 10
--------
01:25:53 Idle detection
01:25:53 Moved mouse to:  (727, 1759)
01:25:53 Delay: 9
--------
01:26:02 Idle detection
01:26:02 Moved mouse to:  (728, 1760)
01:26:02 Delay: 5
--------
01:26:07 User activity detected
01:26:07 Delay: 7
--------
01:26:14 User activity detected
01:26:14 Delay: 6
--------
01:26:20 User activity detected
01:26:20 Delay: 6
--------
01:26:26 User activity detected
01:26:26 Delay: 8
--------
01:26:34 User activity detected
01:26:34 Delay: 4
--------
01:26:38 User activity detected
01:26:38 Delay: 7
--------
01:26:45 User activity detected
01:26:45 Delay: 9
--------
01:26:54 User activity detected
01:26:54 Delay: 6
--------
01:27:00 Idle detection
01:27:00 Moved mouse to:  (1405, 1850)
01:27:00 Delay: 10
--------
01:27:10 Idle detection
01:27:10 Moved mouse to:  (1406, 1851)
01:27:10 Delay: 8
--------
01:27:18 Idle detection
01:27:18 Moved mouse to:  (1407, 1852)
01:27:18 Delay: 4
--------
01:27:22 Idle detection
01:27:22 Moved mouse to:  (1408, 1853)
01:27:22 Delay: 6
--------
01:27:28 Idle detection
01:27:28 Moved mouse to:  (1409, 1854)
01:27:28 Delay: 9
--------
01:27:37 Idle detection
01:27:37 Moved mouse to:  (1410, 1855)
01:27:37 Delay: 7
--------
01:27:44 User activity detected
01:27:44 Delay: 8
--------
01:27:52 User activity detected
01:27:52 Delay: 9
--------
01:28:02 User activity detected
01:28:02 Delay: 5
--------
01:28:07 User activity detected
01:28:07 Delay: 7
--------
01:28:14 User activity detected
01:28:14 Delay: 10
--------
01:28:24 User activity detected
01:28:24 Delay: 8
--------
01:28:32 User activity detected
01:28:32 Delay: 4
--------
01:28:36 User activity detected
01:28:36 Delay: 4
--------
01:28:40 User activity detected
01:28:40 Delay: 8
--------
01:28:48 Idle detection
01:28:48 Moved mouse to:  (1331, 2015)
01:28:48 Delay: 9
--------
01:28:57 Idle detection
01:28:57 Moved mouse to:  (1332, 2016)
01:28:57 Delay: 7
--------
01:29:04 Idle detection
01:29:04 Moved mouse to:  (1333, 2017)
01:29:04 Delay: 4
--------
01:29:08 Idle detection
01:29:08 Moved mouse to:  (1334, 2018)
01:29:08 Delay: 9
--------
01:29:17 User activity detected
01:29:17 Delay: 5
--------
01:29:22 User activity detected
01:29:22 Delay: 4
--------
01:29:26 User activity detected
01:29:26 Delay: 4
--------
01:29:30 User activity detected
01:29:30 Delay: 9
--------
01:29:39 User activity detected
01:29:39 Delay: 9
--------
01:29:48 User activity detected
01:29:48 Delay: 9
--------
01:29:57 User activity detected
01:29:57 Delay: 9
--------
01:30:06 User activity detected
01:30:06 Delay: 9
--------
01:30:15 User activity detected
01:30:15 Delay: 9
--------
01:30:24 User activity detected
01:30:24 Delay: 6
--------
01:30:30 User activity detected
01:30:30 Delay: 4
--------
01:30:34 User activity detected
01:30:34 Delay: 8
--------
01:30:42 User activity detected
01:30:42 Delay: 7
--------
01:30:49 Idle detection
01:30:49 Moved mouse to:  (1287, 2054)
01:30:49 Delay: 8
--------
01:30:57 User activity detected
01:30:57 Delay: 8
--------
01:31:05 User activity detected
01:31:05 Delay: 7
--------
01:31:12 User activity detected
01:31:12 Delay: 5
--------
01:31:17 User activity detected
01:31:17 Delay: 8
--------
01:31:25 User activity detected
01:31:25 Delay: 6
--------
01:31:31 Idle detection
01:31:31 Moved mouse to:  (866, 1482)
01:31:31 Delay: 8
--------
01:31:39 User activity detected
01:31:39 Delay: 9
--------
01:31:48 User activity detected
01:31:48 Delay: 9
--------
01:31:57 User activity detected
01:31:57 Delay: 5
--------
01:32:02 Idle detection
01:32:02 Moved mouse to:  (947, 1533)
01:32:02 Delay: 7
--------
01:32:09 User activity detected
01:32:09 Delay: 4
--------
01:32:13 User activity detected
01:32:13 Delay: 8
--------
01:32:21 User activity detected
01:32:21 Delay: 10
--------
01:32:31 User activity detected
01:32:31 Delay: 10
--------
01:32:41 User activity detected
01:32:41 Delay: 7
--------
01:32:48 User activity detected
01:32:48 Delay: 7
--------
01:32:55 User activity detected
01:32:55 Delay: 6
--------
01:33:01 User activity detected
01:33:01 Delay: 6
--------
01:33:07 User activity detected
01:33:07 Delay: 5
--------
01:33:12 User activity detected
01:33:12 Delay: 8
--------
01:33:20 User activity detected
01:33:20 Delay: 6
--------
01:33:26 User activity detected
01:33:26 Delay: 10
--------
01:33:36 User activity detected
01:33:36 Delay: 9
--------
01:33:45 User activity detected
01:33:45 Delay: 8
--------
01:33:53 User activity detected
01:33:53 Delay: 6
--------
01:33:59 User activity detected
01:33:59 Delay: 9
--------
01:34:08 User activity detected
01:34:08 Delay: 10
--------
01:34:18 User activity detected
01:34:18 Delay: 9
--------
01:34:27 User activity detected
01:34:27 Delay: 6
--------
01:34:33 User activity detected
01:34:33 Delay: 10
--------
01:34:43 User activity detected
01:34:43 Delay: 8
--------
01:34:51 User activity detected
01:34:51 Delay: 10
--------
01:35:01 User activity detected
01:35:01 Delay: 7
--------
01:35:08 User activity detected
01:35:08 Delay: 6
--------
01:35:14 User activity detected
01:35:14 Delay: 5
--------
01:35:19 User activity detected
01:35:19 Delay: 10
--------
01:35:29 User activity detected
01:35:29 Delay: 4
--------
01:35:33 User activity detected
01:35:33 Delay: 4
--------
01:35:37 User activity detected
01:35:37 Delay: 8
--------
01:35:45 User activity detected
01:35:45 Delay: 10
--------
01:35:55 Idle detection
01:35:55 Moved mouse to:  (953, 1491)
01:35:55 Delay: 7
--------
01:36:02 User activity detected
01:36:02 Delay: 5
--------
01:36:07 User activity detected
01:36:07 Delay: 8
--------
01:36:15 User activity detected
01:36:15 Delay: 4
--------
01:36:19 User activity detected
01:36:19 Delay: 6
--------
01:36:25 User activity detected
01:36:25 Delay: 4
--------
01:36:29 User activity detected
01:36:29 Delay: 8
--------
01:36:37 User activity detected
01:36:37 Delay: 6
--------
01:36:43 User activity detected
01:36:43 Delay: 7
--------
01:36:50 User activity detected
01:36:50 Delay: 8
--------
01:36:58 Idle detection
01:36:58 Moved mouse to:  (1478, 1053)
01:36:58 Delay: 8
--------
01:37:06 Idle detection
01:37:06 Moved mouse to:  (1479, 1054)
01:37:06 Delay: 5
--------
01:37:11 Idle detection
01:37:11 Moved mouse to:  (1480, 1055)
01:37:11 Delay: 10
--------
01:37:21 User activity detected
01:37:21 Delay: 9
--------
01:37:30 User activity detected
01:37:30 Delay: 9
--------
01:37:39 Idle detection
01:37:39 Moved mouse to:  (1710, 1714)
01:37:39 Delay: 8
--------
01:37:47 Idle detection
01:37:47 Moved mouse to:  (1711, 1715)
01:37:47 Delay: 4
--------
01:37:51 Idle detection
01:37:51 Moved mouse to:  (1712, 1716)
01:37:51 Delay: 7
--------
01:37:58 User activity detected
01:37:58 Delay: 9
--------
01:38:07 User activity detected
01:38:07 Delay: 5
--------
01:38:12 User activity detected
01:38:12 Delay: 6
--------
01:38:18 User activity detected
01:38:18 Delay: 5
--------
01:38:23 User activity detected
01:38:23 Delay: 8
--------
01:38:31 User activity detected
01:38:31 Delay: 4
--------
01:38:35 User activity detected
01:38:35 Delay: 10
--------
01:38:45 User activity detected
01:38:45 Delay: 7
--------
01:38:52 User activity detected
01:38:52 Delay: 9
--------
01:39:01 User activity detected
01:39:01 Delay: 10
--------
01:39:11 Idle detection
01:39:11 Moved mouse to:  (1580, 106)
01:39:11 Delay: 5
--------
01:39:16 Idle detection
01:39:16 Moved mouse to:  (1581, 107)
01:39:16 Delay: 4
--------
01:39:20 Idle detection
01:39:20 Moved mouse to:  (1582, 108)
01:39:20 Delay: 6
--------
01:39:26 Idle detection
01:39:26 Moved mouse to:  (1583, 109)
01:39:26 Delay: 8
--------
01:39:34 User activity detected
01:39:34 Delay: 8
--------
01:39:42 User activity detected
01:39:42 Delay: 5
--------
01:39:47 User activity detected
01:39:47 Delay: 7
--------
01:39:54 User activity detected
01:39:54 Delay: 6
--------
01:40:00 Idle detection
01:40:00 Moved mouse to:  (671, 1492)
01:40:00 Delay: 7
--------
01:40:07 Idle detection
01:40:07 Moved mouse to:  (672, 1493)
01:40:07 Delay: 7
--------
01:40:14 Idle detection
01:40:14 Moved mouse to:  (673, 1494)
01:40:14 Delay: 9
--------
01:40:23 Idle detection
01:40:23 Moved mouse to:  (674, 1495)
01:40:23 Delay: 10
--------
01:40:33 Idle detection
01:40:33 Moved mouse to:  (675, 1496)
01:40:33 Delay: 5
--------
01:40:38 Idle detection
01:40:38 Moved mouse to:  (676, 1497)
01:40:38 Delay: 10
--------
01:40:48 Idle detection
01:40:48 Moved mouse to:  (677, 1498)
01:40:48 Delay: 6
--------
01:40:54 User activity detected
01:40:54 Delay: 6
--------
01:41:00 User activity detected
01:41:00 Delay: 8
--------
01:41:08 Idle detection
01:41:08 Moved mouse to:  (2090, 995)
01:41:08 Delay: 10
--------
01:41:18 User activity detected
01:41:18 Delay: 8
--------
01:41:26 User activity detected
01:41:26 Delay: 9
--------
01:41:35 Idle detection
01:41:35 Moved mouse to:  (1769, 1036)
01:41:35 Delay: 6
--------
01:41:41 Idle detection
01:41:41 Moved mouse to:  (1770, 1037)
01:41:41 Delay: 6
--------
01:41:47 User activity detected
01:41:47 Delay: 10
--------
01:41:57 User activity detected
01:41:57 Delay: 4
--------
01:42:01 User activity detected
01:42:01 Delay: 4
--------
01:42:05 User activity detected
01:42:05 Delay: 6
--------
01:42:11 User activity detected
01:42:11 Delay: 8
--------
01:42:19 Idle detection
01:42:19 Moved mouse to:  (1979, 941)
01:42:19 Delay: 7
--------
01:42:26 Idle detection
01:42:26 Moved mouse to:  (1980, 942)
01:42:26 Delay: 4
--------
01:42:31 Idle detection
01:42:31 Moved mouse to:  (1981, 943)
01:42:31 Delay: 8
--------
01:42:39 Idle detection
01:42:39 Moved mouse to:  (1982, 944)
01:42:39 Delay: 8
--------
01:42:47 User activity detected
01:42:47 Delay: 7
--------
01:42:54 User activity detected
01:42:54 Delay: 9
--------
01:43:03 User activity detected
01:43:03 Delay: 6
--------
01:43:09 User activity detected
01:43:09 Delay: 4
--------
01:43:13 User activity detected
01:43:13 Delay: 10
--------
01:43:23 User activity detected
01:43:23 Delay: 5
--------
01:43:28 Idle detection
01:43:28 Moved mouse to:  (1092, 1487)
01:43:28 Delay: 9
--------
01:43:37 User activity detected
01:43:37 Delay: 10
--------
01:43:47 User activity detected
01:43:47 Delay: 5
--------
01:43:52 User activity detected
01:43:52 Delay: 9
--------
01:44:01 User activity detected
01:44:01 Delay: 7
--------
01:44:08 User activity detected
01:44:08 Delay: 5
--------
01:44:13 Idle detection
01:44:13 Moved mouse to:  (1269, 1551)
01:44:13 Delay: 4
--------
01:44:17 Idle detection
01:44:17 Moved mouse to:  (1270, 1552)
01:44:17 Delay: 10
--------
01:44:27 User activity detected
01:44:27 Delay: 8
--------
01:44:35 User activity detected
01:44:35 Delay: 7
--------
01:44:42 User activity detected
01:44:42 Delay: 8
--------
01:44:50 User activity detected
01:44:50 Delay: 4
--------
01:44:54 User activity detected
01:44:54 Delay: 7
--------
01:45:01 User activity detected
01:45:01 Delay: 9
--------
01:45:10 User activity detected
01:45:10 Delay: 7
--------
01:45:17 Idle detection
01:45:17 Moved mouse to:  (882, 1683)
01:45:17 Delay: 7
--------
01:45:24 User activity detected
01:45:24 Delay: 5
--------
01:45:29 User activity detected
01:45:29 Delay: 10
--------
01:45:39 User activity detected
01:45:39 Delay: 7
--------
01:45:46 User activity detected
01:45:46 Delay: 8
--------
01:45:54 User activity detected
01:45:54 Delay: 8
--------
01:46:02 User activity detected
01:46:02 Delay: 6
--------
01:46:08 User activity detected
01:46:08 Delay: 5
--------
01:46:13 User activity detected
01:46:13 Delay: 5
--------
01:46:18 User activity detected
01:46:18 Delay: 9
--------
01:46:27 Idle detection
01:46:27 Moved mouse to:  (2911, 2314)
01:46:27 Delay: 4
--------
01:46:31 Idle detection
01:46:31 Moved mouse to:  (2912, 2315)
01:46:31 Delay: 5
--------
01:46:36 Idle detection
01:46:36 Moved mouse to:  (2913, 2316)
01:46:36 Delay: 10
--------
01:46:46 User activity detected
01:46:46 Delay: 4
--------
01:46:50 User activity detected
01:46:50 Delay: 8
--------
01:46:58 User activity detected
01:46:58 Delay: 7
--------
01:47:05 User activity detected
01:47:05 Delay: 6
--------
01:47:11 User activity detected
01:47:11 Delay: 7
--------
01:47:18 User activity detected
01:47:18 Delay: 7
--------
01:47:25 User activity detected
01:47:25 Delay: 4
--------
01:47:29 User activity detected
01:47:29 Delay: 7
--------
01:47:36 User activity detected
01:47:36 Delay: 8
--------
01:47:44 User activity detected
01:47:44 Delay: 8
--------
01:47:52 Idle detection
01:47:52 Moved mouse to:  (1522, 1048)
01:47:52 Delay: 7
--------
01:47:59 Idle detection
01:47:59 Moved mouse to:  (1523, 1049)
01:47:59 Delay: 4
--------
01:48:03 User activity detected
01:48:03 Delay: 8
--------
01:48:11 User activity detected
01:48:11 Delay: 4
--------
01:48:15 User activity detected
01:48:15 Delay: 10
--------
01:48:25 User activity detected
01:48:25 Delay: 7
--------
01:48:32 Idle detection
01:48:32 Moved mouse to:  (1825, 1058)
01:48:32 Delay: 7
--------
01:48:39 Idle detection
01:48:39 Moved mouse to:  (1826, 1059)
01:48:39 Delay: 10
--------
01:48:49 Idle detection
01:48:49 Moved mouse to:  (1827, 1060)
01:48:49 Delay: 5
--------
01:48:54 Idle detection
01:48:54 Moved mouse to:  (1828, 1061)
01:48:54 Delay: 4
--------
01:48:58 User activity detected
01:48:58 Delay: 9
--------
01:49:07 User activity detected
01:49:07 Delay: 10
--------
01:49:17 User activity detected
01:49:17 Delay: 10
--------
01:49:27 User activity detected
01:49:27 Delay: 8
--------
01:49:35 User activity detected
01:49:35 Delay: 10
--------
01:49:45 User activity detected
01:49:45 Delay: 9
--------
01:49:54 User activity detected
01:49:54 Delay: 5
--------
01:49:59 User activity detected
01:49:59 Delay: 7
--------
01:50:06 Idle detection
01:50:06 Moved mouse to:  (1189, 1041)
01:50:06 Delay: 4
--------
01:50:10 User activity detected
01:50:10 Delay: 9
--------
01:50:19 User activity detected
01:50:19 Delay: 9
--------
01:50:28 User activity detected
01:50:28 Delay: 4
--------
01:50:32 Idle detection
01:50:32 Moved mouse to:  (2896, 1765)
01:50:32 Delay: 7
--------
01:50:39 User activity detected
01:50:39 Delay: 10
--------
01:50:49 User activity detected
01:50:49 Delay: 10
--------
01:50:59 User activity detected
01:50:59 Delay: 9
--------
01:51:08 Idle detection
01:51:08 Moved mouse to:  (1736, 1066)
01:51:08 Delay: 8
--------
01:51:16 User activity detected
01:51:16 Delay: 6
--------
01:51:22 User activity detected
01:51:22 Delay: 6
--------
01:51:28 User activity detected
01:51:28 Delay: 9
--------
01:51:37 User activity detected
01:51:37 Delay: 5
--------
01:51:42 Idle detection
01:51:42 Moved mouse to:  (758, 1682)
01:51:42 Delay: 8
--------
01:51:50 Idle detection
01:51:50 Moved mouse to:  (759, 1683)
01:51:50 Delay: 10
--------
01:52:00 Idle detection
01:52:00 Moved mouse to:  (760, 1684)
01:52:00 Delay: 5
--------
01:52:05 User activity detected
01:52:05 Delay: 10
--------
01:52:15 User activity detected
01:52:15 Delay: 10
--------
01:52:25 User activity detected
01:52:25 Delay: 6
--------
01:52:31 User activity detected
01:52:31 Delay: 8
--------
01:52:39 Idle detection
01:52:39 Moved mouse to:  (657, 1647)
01:52:39 Delay: 4
--------
01:52:43 User activity detected
01:52:43 Delay: 5
--------
01:52:48 User activity detected
01:52:48 Delay: 10
--------
01:52:58 User activity detected
01:52:58 Delay: 8
--------
01:53:06 User activity detected
01:53:06 Delay: 10
--------
01:53:16 User activity detected
01:53:16 Delay: 4
--------
01:53:20 User activity detected
01:53:20 Delay: 5
--------
01:53:25 User activity detected
01:53:25 Delay: 4
--------
01:53:29 User activity detected
01:53:29 Delay: 8
--------
01:53:37 User activity detected
01:53:37 Delay: 4
--------
01:53:41 Idle detection
01:53:41 Moved mouse to:  (1011, 1625)
01:53:41 Delay: 10
--------
01:53:51 Idle detection
01:53:51 Moved mouse to:  (1012, 1626)
01:53:51 Delay: 7
--------
01:53:58 Idle detection
01:53:58 Moved mouse to:  (1013, 1627)
01:53:58 Delay: 5
--------
01:54:03 User activity detected
01:54:03 Delay: 6
--------
01:54:09 User activity detected
01:54:09 Delay: 8
--------
01:54:17 User activity detected
01:54:17 Delay: 6
--------
01:54:23 User activity detected
01:54:23 Delay: 6
--------
01:54:29 Idle detection
01:54:29 Moved mouse to:  (1867, 565)
01:54:29 Delay: 4
--------
01:54:33 Idle detection
01:54:33 Moved mouse to:  (1868, 566)
01:54:33 Delay: 6
--------
01:54:39 User activity detected
01:54:39 Delay: 10
--------
01:54:49 User activity detected
01:54:49 Delay: 9
--------
01:54:58 User activity detected
01:54:58 Delay: 6
--------
01:55:04 User activity detected
01:55:04 Delay: 8
--------
01:55:12 User activity detected
01:55:12 Delay: 8
--------
01:55:20 User activity detected
01:55:20 Delay: 8
--------
01:55:28 User activity detected
01:55:28 Delay: 5
--------
01:55:33 User activity detected
01:55:33 Delay: 6
--------
01:55:39 User activity detected
01:55:39 Delay: 7
--------
01:55:46 User activity detected
01:55:46 Delay: 6
--------
01:55:52 User activity detected
01:55:52 Delay: 4
--------
01:55:56 User activity detected
01:55:56 Delay: 7
--------
01:56:03 User activity detected
01:56:03 Delay: 6
--------
01:56:09 User activity detected
01:56:09 Delay: 4
--------
01:56:13 Idle detection
01:56:13 Moved mouse to:  (944, 1998)
01:56:13 Delay: 10
--------
01:56:23 User activity detected
01:56:23 Delay: 6
--------
01:56:29 User activity detected
01:56:29 Delay: 9
--------
01:56:38 User activity detected
01:56:38 Delay: 9
--------
01:56:48 Idle detection
01:56:48 Moved mouse to:  (1037, 1616)
01:56:48 Delay: 9
--------
01:56:57 Idle detection
01:56:57 Moved mouse to:  (1038, 1617)
01:56:57 Delay: 8
--------
01:57:05 Idle detection
01:57:05 Moved mouse to:  (1039, 1618)
01:57:05 Delay: 5
--------
01:57:10 User activity detected
01:57:10 Delay: 5
--------
01:57:15 User activity detected
01:57:15 Delay: 8
--------
01:57:23 Idle detection
01:57:23 Moved mouse to:  (808, 1438)
01:57:23 Delay: 10
--------
01:57:33 Idle detection
01:57:33 Moved mouse to:  (809, 1439)
01:57:33 Delay: 5
--------
01:57:38 Idle detection
01:57:38 Moved mouse to:  (810, 1440)
01:57:38 Delay: 10
--------
01:57:48 User activity detected
01:57:48 Delay: 4
--------
01:57:52 User activity detected
01:57:52 Delay: 8
--------
01:58:00 User activity detected
01:58:00 Delay: 4
--------
01:58:04 User activity detected
01:58:04 Delay: 6
--------
01:58:10 User activity detected
01:58:10 Delay: 9
--------
01:58:19 User activity detected
01:58:19 Delay: 6
--------
01:58:25 User activity detected
01:58:25 Delay: 5
--------
01:58:30 User activity detected
01:58:30 Delay: 5
--------
01:58:35 User activity detected
01:58:35 Delay: 5
--------
01:58:40 User activity detected
01:58:40 Delay: 5
--------
01:58:45 User activity detected
01:58:45 Delay: 10
--------
01:58:55 User activity detected
01:58:55 Delay: 7
--------
01:59:02 Idle detection
01:59:02 Moved mouse to:  (853, 1871)
01:59:02 Delay: 6
--------
01:59:08 Idle detection
01:59:08 Moved mouse to:  (854, 1872)
01:59:08 Delay: 9
--------
01:59:17 User activity detected
01:59:17 Delay: 4
--------
01:59:21 User activity detected
01:59:21 Delay: 10
--------
01:59:31 User activity detected
01:59:31 Delay: 8
--------
01:59:39 User activity detected
01:59:39 Delay: 9
--------
01:59:48 User activity detected
01:59:48 Delay: 4
--------
01:59:52 User activity detected
01:59:52 Delay: 5
--------
01:59:57 User activity detected
01:59:57 Delay: 6
--------
02:00:03 User activity detected
02:00:03 Delay: 9
--------
02:00:12 Idle detection
02:00:12 Moved mouse to:  (813, 2249)
02:00:12 Delay: 9
--------
02:00:21 Idle detection
02:00:21 Moved mouse to:  (814, 2250)
02:00:21 Delay: 4
--------
02:00:25 Idle detection
02:00:25 Moved mouse to:  (815, 2251)
02:00:25 Delay: 10
--------
02:00:35 User activity detected
02:00:35 Delay: 5
--------
02:00:40 User activity detected
02:00:40 Delay: 9
--------
02:00:49 User activity detected
02:00:49 Delay: 8
--------
02:00:57 User activity detected
02:00:57 Delay: 10
--------
02:01:07 User activity detected
02:01:07 Delay: 8
--------
02:01:15 User activity detected
02:01:15 Delay: 5
--------
02:01:20 User activity detected
02:01:20 Delay: 9
--------
02:01:29 User activity detected
02:01:29 Delay: 10
--------
02:01:39 User activity detected
02:01:39 Delay: 5
--------
02:01:44 User activity detected
02:01:44 Delay: 9
--------
02:01:53 User activity detected
02:01:53 Delay: 4
--------
02:01:57 User activity detected
02:01:57 Delay: 10
--------
02:02:07 User activity detected
02:02:07 Delay: 7
--------
02:02:14 User activity detected
02:02:14 Delay: 9
--------
02:02:23 User activity detected
02:02:23 Delay: 5
--------
02:02:28 User activity detected
02:02:28 Delay: 9
--------
02:02:37 User activity detected
02:02:37 Delay: 10
--------
02:02:47 User activity detected
02:02:47 Delay: 5
--------
02:02:52 User activity detected
02:02:52 Delay: 10
--------
02:03:02 User activity detected
02:03:02 Delay: 7
--------
02:03:09 User activity detected
02:03:09 Delay: 4
--------
02:03:13 Idle detection
02:03:13 Moved mouse to:  (1568, 1947)
02:03:13 Delay: 4
--------
02:03:17 Idle detection
02:03:17 Moved mouse to:  (1569, 1948)
02:03:17 Delay: 8
--------
02:03:25 Idle detection
02:03:25 Moved mouse to:  (1570, 1949)
02:03:25 Delay: 7
--------
02:03:32 Idle detection
02:03:32 Moved mouse to:  (1571, 1950)
02:03:32 Delay: 8
--------
02:03:40 Idle detection
02:03:40 Moved mouse to:  (1572, 1951)
02:03:40 Delay: 5
--------
02:03:45 Idle detection
02:03:45 Moved mouse to:  (1573, 1952)
02:03:45 Delay: 9
--------
02:03:54 User activity detected
02:03:54 Delay: 6
--------
02:04:00 User activity detected
02:04:00 Delay: 6
--------
02:04:06 User activity detected
02:04:06 Delay: 6
--------
02:04:12 User activity detected
02:04:12 Delay: 10
--------
02:04:22 Idle detection
02:04:22 Moved mouse to:  (1556, 1057)
02:04:22 Delay: 10
--------
02:04:32 Idle detection
02:04:32 Moved mouse to:  (1557, 1058)
02:04:32 Delay: 7
--------
02:04:39 Idle detection
02:04:39 Moved mouse to:  (1558, 1059)
02:04:39 Delay: 4
--------
02:04:43 Idle detection
02:04:43 Moved mouse to:  (1559, 1060)
02:04:43 Delay: 7
--------
02:04:50 Idle detection
02:04:50 Moved mouse to:  (1560, 1061)
02:04:50 Delay: 7
--------
02:04:57 Idle detection
02:04:57 Moved mouse to:  (1561, 1062)
02:04:57 Delay: 10
--------
02:05:07 Idle detection
02:05:07 Moved mouse to:  (1562, 1063)
02:05:07 Delay: 9
--------
02:05:16 Idle detection
02:05:16 Moved mouse to:  (1563, 1064)
02:05:16 Delay: 7
--------
02:05:23 Idle detection
02:05:23 Moved mouse to:  (1564, 1065)
02:05:23 Delay: 5
--------
02:05:28 Idle detection
02:05:28 Moved mouse to:  (1565, 1066)
02:05:28 Delay: 6
--------
02:05:34 User activity detected
02:05:34 Delay: 8
--------
02:05:42 User activity detected
02:05:42 Delay: 5
--------
02:05:47 User activity detected
02:05:47 Delay: 9
--------
02:05:56 Idle detection
02:05:56 Moved mouse to:  (1752, 914)
02:05:56 Delay: 8
--------
02:06:04 User activity detected
02:06:04 Delay: 5
--------
02:06:09 User activity detected
02:06:09 Delay: 8
--------
02:06:17 User activity detected
02:06:17 Delay: 10
--------
02:06:27 User activity detected
02:06:27 Delay: 8
--------
02:06:35 User activity detected
02:06:35 Delay: 6
--------
02:06:41 User activity detected
02:06:41 Delay: 8
--------
02:06:49 User activity detected
02:06:49 Delay: 4
--------
02:06:53 User activity detected
02:06:53 Delay: 7
--------
02:07:00 User activity detected
02:07:00 Delay: 7
--------
02:07:07 Idle detection
02:07:07 Moved mouse to:  (898, 1780)
02:07:07 Delay: 5
--------
02:07:12 Idle detection
02:07:12 Moved mouse to:  (899, 1781)
02:07:12 Delay: 10
--------
02:07:22 User activity detected
02:07:22 Delay: 8
--------
02:07:30 User activity detected
02:07:30 Delay: 8
--------
02:07:38 User activity detected
02:07:38 Delay: 6
--------
02:07:44 User activity detected
02:07:44 Delay: 10
--------
02:07:54 User activity detected
02:07:54 Delay: 10
--------
02:08:04 User activity detected
02:08:04 Delay: 9
--------
02:08:13 User activity detected
02:08:13 Delay: 9
--------
02:08:22 User activity detected
02:08:22 Delay: 5
--------
02:08:27 User activity detected
02:08:27 Delay: 4
--------
02:08:31 User activity detected
02:08:31 Delay: 8
--------
02:08:39 User activity detected
02:08:39 Delay: 4
--------
02:08:43 User activity detected
02:08:43 Delay: 10
--------
02:08:53 User activity detected
02:08:53 Delay: 9
--------
02:09:02 User activity detected
02:09:02 Delay: 5
--------
02:09:07 Idle detection
02:09:07 Moved mouse to:  (2120, 1606)
02:09:07 Delay: 4
--------
02:09:11 Idle detection
02:09:11 Moved mouse to:  (2121, 1607)
02:09:11 Delay: 7
--------
02:09:19 Idle detection
02:09:19 Moved mouse to:  (2122, 1608)
02:09:19 Delay: 8
--------
02:09:27 Idle detection
02:09:27 Moved mouse to:  (2123, 1609)
02:09:27 Delay: 10
--------
02:09:37 User activity detected
02:09:37 Delay: 4
--------
02:09:41 User activity detected
02:09:41 Delay: 9
--------
02:09:50 User activity detected
02:09:50 Delay: 4
--------
02:09:54 User activity detected
02:09:54 Delay: 10
--------
02:10:04 User activity detected
02:10:04 Delay: 4
--------
02:10:08 User activity detected
02:10:08 Delay: 7
--------
02:10:15 User activity detected
02:10:15 Delay: 10
--------
02:10:25 Idle detection
02:10:25 Moved mouse to:  (992, 1501)
02:10:25 Delay: 8
--------
02:10:33 Idle detection
02:10:33 Moved mouse to:  (993, 1502)
02:10:33 Delay: 7
--------
02:10:40 User activity detected
02:10:40 Delay: 9
--------
02:10:49 Idle detection
02:10:49 Moved mouse to:  (987, 1649)
02:10:49 Delay: 5
--------
02:10:54 Idle detection
02:10:54 Moved mouse to:  (988, 1650)
02:10:54 Delay: 8
--------
02:11:02 Idle detection
02:11:02 Moved mouse to:  (989, 1651)
02:11:02 Delay: 9
--------
02:11:11 User activity detected
02:11:11 Delay: 10
--------
02:11:21 User activity detected
02:11:21 Delay: 6
--------
02:11:27 Idle detection
02:11:27 Moved mouse to:  (548, 1683)
02:11:27 Delay: 5
--------
02:11:32 User activity detected
02:11:32 Delay: 5
--------
02:11:37 Idle detection
02:11:37 Moved mouse to:  (842, 1688)
02:11:37 Delay: 8
--------
02:11:45 User activity detected
02:11:45 Delay: 6
--------
02:11:51 User activity detected
02:11:51 Delay: 7
--------
02:11:58 User activity detected
02:11:58 Delay: 10
--------
02:12:08 User activity detected
02:12:08 Delay: 6
--------
02:12:14 User activity detected
02:12:14 Delay: 4
--------
02:12:18 User activity detected
02:12:18 Delay: 7
--------
02:12:25 User activity detected
02:12:25 Delay: 5
--------
02:12:30 Idle detection
02:12:30 Moved mouse to:  (1364, 1726)
02:12:30 Delay: 10
--------
02:12:40 Idle detection
02:12:40 Moved mouse to:  (1365, 1727)
02:12:40 Delay: 9
--------
02:12:49 Idle detection
02:12:49 Moved mouse to:  (1366, 1728)
02:12:49 Delay: 4
--------
02:12:53 Idle detection
02:12:53 Moved mouse to:  (1367, 1729)
02:12:53 Delay: 6
--------
02:12:59 User activity detected
02:12:59 Delay: 5
--------
02:13:04 User activity detected
02:13:04 Delay: 6
--------
02:13:10 User activity detected
02:13:10 Delay: 9
--------
02:13:19 Idle detection
02:13:19 Moved mouse to:  (1171, 1597)
02:13:19 Delay: 10
--------
02:13:29 Idle detection
02:13:29 Moved mouse to:  (1172, 1598)
02:13:29 Delay: 5
--------
02:13:34 Idle detection
02:13:34 Moved mouse to:  (1173, 1599)
02:13:34 Delay: 7
--------
02:13:41 User activity detected
02:13:41 Delay: 10
--------
02:13:51 User activity detected
02:13:51 Delay: 5
--------
02:13:56 User activity detected
02:13:56 Delay: 10
--------
02:14:06 User activity detected
02:14:06 Delay: 10
--------
02:14:16 User activity detected
02:14:16 Delay: 4
--------
02:14:20 User activity detected
02:14:20 Delay: 8
--------
02:14:28 User activity detected
02:14:28 Delay: 8
--------
02:14:36 Idle detection
02:14:36 Moved mouse to:  (955, 1615)
02:14:36 Delay: 8
--------
02:14:44 Idle detection
02:14:44 Moved mouse to:  (956, 1616)
02:14:44 Delay: 8
--------
02:14:52 Idle detection
02:14:52 Moved mouse to:  (957, 1617)
02:14:52 Delay: 10
--------
02:15:02 Idle detection
02:15:02 Moved mouse to:  (958, 1618)
02:15:02 Delay: 5
--------
02:15:07 Idle detection
02:15:07 Moved mouse to:  (959, 1619)
02:15:07 Delay: 6
--------
02:15:13 User activity detected
02:15:13 Delay: 5
--------
02:15:18 Idle detection
02:15:18 Moved mouse to:  (938, 1644)
02:15:18 Delay: 9
--------
02:15:27 Idle detection
02:15:27 Moved mouse to:  (939, 1645)
02:15:27 Delay: 7
--------
02:15:34 User activity detected
02:15:34 Delay: 10
--------
02:15:44 User activity detected
02:15:44 Delay: 8
--------
02:15:52 User activity detected
02:15:52 Delay: 5
--------
02:15:57 User activity detected
02:15:57 Delay: 10
--------
02:16:07 User activity detected
02:16:07 Delay: 6
--------
02:16:13 User activity detected
02:16:13 Delay: 5
--------
02:16:18 User activity detected
02:16:18 Delay: 8
--------
02:16:26 User activity detected
02:16:26 Delay: 6
--------
02:16:32 User activity detected
02:16:32 Delay: 7
--------
02:16:39 User activity detected
02:16:39 Delay: 4
--------
02:16:43 User activity detected
02:16:43 Delay: 8
--------
02:16:51 User activity detected
02:16:51 Delay: 6
--------
02:16:57 User activity detected
02:16:57 Delay: 6
--------
02:17:03 User activity detected
02:17:03 Delay: 7
--------
02:17:10 Idle detection
02:17:10 Moved mouse to:  (1129, 1688)
02:17:10 Delay: 6
--------
02:17:16 User activity detected
02:17:16 Delay: 4
--------
02:17:20 User activity detected
02:17:20 Delay: 8
--------
02:17:28 User activity detected
02:17:28 Delay: 6
--------
02:17:34 User activity detected
02:17:34 Delay: 4
--------
02:17:38 User activity detected
02:17:38 Delay: 4
--------
02:17:42 User activity detected
02:17:42 Delay: 8
--------
02:17:50 User activity detected
02:17:50 Delay: 6
--------
02:17:56 User activity detected
02:17:56 Delay: 10
--------
02:18:06 User activity detected
02:18:06 Delay: 6
--------
02:18:12 User activity detected
02:18:12 Delay: 5
--------
02:18:17 User activity detected
02:18:17 Delay: 6
--------
02:18:23 User activity detected
02:18:23 Delay: 7
--------
02:18:30 Idle detection
02:18:30 Moved mouse to:  (763, 1782)
02:18:30 Delay: 4
--------
02:18:34 User activity detected
02:18:34 Delay: 7
--------
02:18:41 User activity detected
02:18:41 Delay: 10
--------
02:18:51 User activity detected
02:18:51 Delay: 5
--------
02:18:56 User activity detected
02:18:56 Delay: 10
--------
02:19:06 User activity detected
02:19:06 Delay: 9
--------
02:19:15 User activity detected
02:19:15 Delay: 8
--------
02:19:23 Idle detection
02:19:23 Moved mouse to:  (951, 1900)
02:19:23 Delay: 9
--------
02:19:32 Idle detection
02:19:32 Moved mouse to:  (952, 1901)
02:19:32 Delay: 6
--------
02:19:38 Idle detection
02:19:38 Moved mouse to:  (953, 1902)
02:19:38 Delay: 7
--------
02:19:45 Idle detection
02:19:45 Moved mouse to:  (954, 1903)
02:19:45 Delay: 7
--------
02:19:52 Idle detection
02:19:52 Moved mouse to:  (955, 1904)
02:19:52 Delay: 5
--------
02:19:57 User activity detected
02:19:57 Delay: 8
--------
02:20:05 User activity detected
02:20:05 Delay: 7
--------
02:20:12 User activity detected
02:20:12 Delay: 9
--------
02:20:21 User activity detected
02:20:21 Delay: 8
--------
02:20:29 User activity detected
02:20:29 Delay: 5
--------
02:20:34 User activity detected
02:20:34 Delay: 4
--------
02:20:38 User activity detected
02:20:38 Delay: 9
--------
02:20:47 User activity detected
02:20:47 Delay: 5
--------
02:20:52 Idle detection
02:20:52 Moved mouse to:  (646, 1847)
02:20:52 Delay: 4
--------
02:20:56 Idle detection
02:20:56 Moved mouse to:  (647, 1848)
02:20:56 Delay: 8
--------
02:21:04 Idle detection
02:21:04 Moved mouse to:  (648, 1849)
02:21:04 Delay: 9
--------
02:21:13 Idle detection
02:21:13 Moved mouse to:  (649, 1850)
02:21:13 Delay: 6
--------
02:21:19 Idle detection
02:21:19 Moved mouse to:  (650, 1851)
02:21:19 Delay: 6
--------
02:21:25 Idle detection
02:21:25 Moved mouse to:  (651, 1852)
02:21:25 Delay: 8
--------
02:21:33 Idle detection
02:21:33 Moved mouse to:  (652, 1853)
02:21:33 Delay: 8
--------
02:21:41 Idle detection
02:21:41 Moved mouse to:  (653, 1854)
02:21:41 Delay: 9
--------
02:21:50 User activity detected
02:21:50 Delay: 8
--------
02:21:58 User activity detected
02:21:58 Delay: 4
--------
02:22:02 User activity detected
02:22:02 Delay: 10
--------
02:22:12 User activity detected
02:22:12 Delay: 9
--------
02:22:21 User activity detected
02:22:21 Delay: 8
--------
02:22:29 User activity detected
02:22:29 Delay: 4
--------
02:22:33 User activity detected
02:22:33 Delay: 6
--------
02:22:39 User activity detected
02:22:39 Delay: 9
--------
02:22:48 User activity detected
02:22:48 Delay: 4
--------
02:22:52 User activity detected
02:22:52 Delay: 4
--------
02:22:56 Idle detection
02:22:56 Moved mouse to:  (688, 1616)
02:22:56 Delay: 8
--------
02:23:04 Idle detection
02:23:04 Moved mouse to:  (689, 1617)
02:23:04 Delay: 9
--------
02:23:13 User activity detected
02:23:13 Delay: 5
--------
02:23:18 User activity detected
02:23:18 Delay: 4
--------
02:23:22 User activity detected
02:23:22 Delay: 4
--------
02:23:26 Idle detection
02:23:27 Moved mouse to:  (526, 1270)
02:23:27 Delay: 6
--------
02:23:33 Idle detection
02:23:33 Moved mouse to:  (527, 1271)
02:23:33 Delay: 7
--------
02:23:40 Idle detection
02:23:40 Moved mouse to:  (528, 1272)
02:23:40 Delay: 9
--------
02:23:49 User activity detected
02:23:49 Delay: 9
--------
02:23:58 User activity detected
02:23:58 Delay: 8
--------
02:24:06 User activity detected
02:24:06 Delay: 5
--------
02:24:11 Idle detection
02:24:11 Moved mouse to:  (755, 1983)
02:24:11 Delay: 8
--------
02:24:19 Idle detection
02:24:19 Moved mouse to:  (756, 1984)
02:24:19 Delay: 5
--------
02:24:24 Idle detection
02:24:24 Moved mouse to:  (757, 1985)
02:24:24 Delay: 5
--------
02:24:29 Idle detection
02:24:29 Moved mouse to:  (758, 1986)
02:24:29 Delay: 7
--------
02:24:36 User activity detected
02:24:36 Delay: 8
--------
02:24:44 User activity detected
02:24:44 Delay: 6
--------
02:24:50 Idle detection
02:24:50 Moved mouse to:  (716, 1721)
02:24:50 Delay: 10
--------
02:25:00 User activity detected
02:25:00 Delay: 5
--------
02:25:05 Idle detection
02:25:05 Moved mouse to:  (964, 1794)
02:25:05 Delay: 8
--------
02:25:13 User activity detected
02:25:13 Delay: 10
--------
02:25:23 User activity detected
02:25:23 Delay: 6
--------
02:25:29 User activity detected
02:25:29 Delay: 5
--------
02:25:34 User activity detected
02:25:34 Delay: 7
--------
02:25:41 User activity detected
02:25:41 Delay: 4
--------
02:25:45 Idle detection
02:25:45 Moved mouse to:  (738, 1894)
02:25:45 Delay: 10
--------
02:25:55 User activity detected
02:25:55 Delay: 5
--------
02:26:00 User activity detected
02:26:00 Delay: 6
--------
02:26:06 User activity detected
02:26:06 Delay: 8
--------
02:26:14 User activity detected
02:26:14 Delay: 7
--------
02:26:21 User activity detected
02:26:21 Delay: 5
--------
02:26:26 User activity detected
02:26:26 Delay: 9
--------
02:26:35 User activity detected
02:26:35 Delay: 7
--------
02:26:42 User activity detected
02:26:42 Delay: 9
--------
02:26:51 User activity detected
02:26:51 Delay: 10
--------
02:27:01 Idle detection
02:27:01 Moved mouse to:  (855, 2003)
02:27:01 Delay: 6
--------
02:27:07 Idle detection
02:27:07 Moved mouse to:  (856, 2004)
02:27:07 Delay: 7
--------
02:27:14 Idle detection
02:27:14 Moved mouse to:  (857, 2005)
02:27:14 Delay: 7
--------
02:27:21 Idle detection
02:27:21 Moved mouse to:  (858, 2006)
02:27:21 Delay: 4
--------
02:27:25 Idle detection
02:27:25 Moved mouse to:  (859, 2007)
02:27:25 Delay: 7
--------
02:27:32 Idle detection
02:27:32 Moved mouse to:  (860, 2008)
02:27:32 Delay: 9
--------
02:27:41 Idle detection
02:27:41 Moved mouse to:  (861, 2009)
02:27:41 Delay: 10
--------
02:27:51 Idle detection
02:27:51 Moved mouse to:  (862, 2010)
02:27:51 Delay: 7
--------
02:27:58 User activity detected
02:27:58 Delay: 8
--------
02:28:06 User activity detected
02:28:06 Delay: 5
--------
02:28:11 User activity detected
02:28:11 Delay: 6
--------
02:28:17 User activity detected
02:28:17 Delay: 4
--------
02:28:21 User activity detected
02:28:21 Delay: 6
--------
02:28:27 User activity detected
02:28:27 Delay: 4
--------
02:28:31 User activity detected
02:28:31 Delay: 9
--------
02:28:40 Idle detection
02:28:40 Moved mouse to:  (841, 2013)
02:28:40 Delay: 10
--------
02:28:50 User activity detected
02:28:50 Delay: 9
--------
02:28:59 User activity detected
02:28:59 Delay: 6
--------
02:29:05 User activity detected
02:29:05 Delay: 4
--------
02:29:09 Idle detection
02:29:09 Moved mouse to:  (1124, 2052)
02:29:09 Delay: 5
--------
02:29:14 Idle detection
02:29:14 Moved mouse to:  (1125, 2053)
02:29:14 Delay: 4
--------
02:29:18 Idle detection
02:29:18 Moved mouse to:  (1126, 2054)
02:29:18 Delay: 6
--------
02:29:24 Idle detection
02:29:24 Moved mouse to:  (1127, 2055)
02:29:24 Delay: 5
--------
02:29:29 Idle detection
02:29:29 Moved mouse to:  (1128, 2056)
02:29:29 Delay: 7
--------
02:29:36 Idle detection
02:29:36 Moved mouse to:  (1129, 2057)
02:29:36 Delay: 7
--------
02:29:43 Idle detection
02:29:43 Moved mouse to:  (1130, 2058)
02:29:43 Delay: 6
--------
02:29:49 Idle detection
02:29:49 Moved mouse to:  (1131, 2059)
02:29:49 Delay: 6
--------
02:29:55 User activity detected
02:29:55 Delay: 8
--------
02:30:03 User activity detected
02:30:03 Delay: 8
--------
02:30:11 User activity detected
02:30:11 Delay: 7
--------
02:30:18 User activity detected
02:30:18 Delay: 7
--------
02:30:25 User activity detected
02:30:25 Delay: 4
--------
02:30:29 Idle detection
02:30:29 Moved mouse to:  (1309, 1951)
02:30:29 Delay: 6
--------
02:30:35 Idle detection
02:30:35 Moved mouse to:  (1310, 1952)
02:30:35 Delay: 7
--------
02:30:42 User activity detected
02:30:42 Delay: 5
--------
02:30:47 User activity detected
02:30:47 Delay: 8
--------
02:30:55 User activity detected
02:30:55 Delay: 7
--------
02:31:02 User activity detected
02:31:02 Delay: 5
--------
02:31:07 User activity detected
02:31:07 Delay: 7
--------
02:31:14 User activity detected
02:31:14 Delay: 6
--------
02:31:20 User activity detected
02:31:20 Delay: 4
--------
02:31:24 User activity detected
02:31:24 Delay: 7
--------
02:31:31 User activity detected
02:31:31 Delay: 9
--------
02:31:40 User activity detected
02:31:40 Delay: 9
--------
02:31:49 User activity detected
02:31:49 Delay: 10
--------
02:31:59 User activity detected
02:31:59 Delay: 10
--------
02:32:09 User activity detected
02:32:09 Delay: 9
--------
02:32:18 User activity detected
02:32:18 Delay: 9
--------
02:32:27 Idle detection
02:32:27 Moved mouse to:  (861, 2212)
02:32:27 Delay: 5
--------
02:32:32 Idle detection
02:32:32 Moved mouse to:  (862, 2213)
02:32:32 Delay: 8
--------
02:32:40 Idle detection
02:32:40 Moved mouse to:  (863, 2214)
02:32:40 Delay: 8
--------
02:32:48 User activity detected
02:32:48 Delay: 8
--------
02:32:56 User activity detected
02:32:56 Delay: 6
--------
02:33:02 User activity detected
02:33:02 Delay: 8
--------
02:33:10 User activity detected
02:33:10 Delay: 5
--------
02:33:15 User activity detected
02:33:15 Delay: 10
--------
02:33:25 User activity detected
02:33:25 Delay: 9
--------
02:33:34 User activity detected
02:33:34 Delay: 9
--------
02:33:43 User activity detected
02:33:43 Delay: 4
--------
02:33:47 User activity detected
02:33:47 Delay: 7
--------
02:33:54 User activity detected
02:33:54 Delay: 7
--------
02:34:01 User activity detected
02:34:01 Delay: 4
--------
02:34:05 User activity detected
02:34:05 Delay: 9
--------
02:34:14 User activity detected
02:34:14 Delay: 4
--------
02:34:18 Idle detection
02:34:18 Moved mouse to:  (707, 1581)
02:34:18 Delay: 4
--------
02:34:22 User activity detected
02:34:22 Delay: 6
--------
02:34:28 User activity detected
02:34:28 Delay: 7
--------
02:34:35 User activity detected
02:34:35 Delay: 5
--------
02:34:40 User activity detected
02:34:40 Delay: 4
--------
02:34:44 Idle detection
02:34:44 Moved mouse to:  (883, 2209)
02:34:44 Delay: 7
--------
02:34:51 User activity detected
02:34:51 Delay: 8
--------
02:34:59 User activity detected
02:34:59 Delay: 5
--------
02:35:04 User activity detected
02:35:04 Delay: 9
--------
02:35:13 User activity detected
02:35:13 Delay: 8
--------
02:35:21 User activity detected
02:35:21 Delay: 10
--------
02:35:31 User activity detected
02:35:31 Delay: 8
--------
02:35:39 User activity detected
02:35:39 Delay: 10
--------
02:35:49 User activity detected
02:35:49 Delay: 6
--------
02:35:55 Idle detection
02:35:55 Moved mouse to:  (777, 1851)
02:35:55 Delay: 4
--------
02:35:59 User activity detected
02:35:59 Delay: 8
--------
02:36:07 User activity detected
02:36:07 Delay: 5
--------
02:36:12 User activity detected
02:36:12 Delay: 6
--------
02:36:18 User activity detected
02:36:18 Delay: 4
--------
02:36:22 User activity detected
02:36:22 Delay: 4
--------
02:36:26 User activity detected
02:36:26 Delay: 9
--------
02:36:35 Idle detection
02:36:35 Moved mouse to:  (1122, 1837)
02:36:35 Delay: 8
--------
02:36:44 User activity detected
02:36:44 Delay: 10
--------
02:36:54 User activity detected
02:36:54 Delay: 5
--------
02:36:59 User activity detected
02:36:59 Delay: 10
--------
02:37:09 User activity detected
02:37:09 Delay: 8
--------
02:37:17 User activity detected
02:37:17 Delay: 6
--------
02:37:23 User activity detected
02:37:23 Delay: 9
--------
02:37:32 User activity detected
02:37:32 Delay: 8
--------
02:37:40 User activity detected
02:37:40 Delay: 8
--------
02:37:48 Idle detection
02:37:48 Moved mouse to:  (1347, 1933)
02:37:48 Delay: 6
--------
02:37:54 User activity detected
02:37:54 Delay: 7
--------
02:38:01 Idle detection
02:38:01 Moved mouse to:  (974, 1944)
02:38:01 Delay: 5
--------
02:38:06 Idle detection
02:38:06 Moved mouse to:  (975, 1945)
02:38:06 Delay: 5
--------
02:38:11 Idle detection
02:38:11 Moved mouse to:  (976, 1946)
02:38:11 Delay: 8
--------
02:38:19 Idle detection
02:38:19 Moved mouse to:  (977, 1947)
02:38:19 Delay: 6
--------
02:38:25 Idle detection
02:38:25 Moved mouse to:  (978, 1948)
02:38:25 Delay: 6
--------
02:38:31 Idle detection
02:38:31 Moved mouse to:  (979, 1949)
02:38:31 Delay: 5
--------
02:38:36 Idle detection
02:38:36 Moved mouse to:  (980, 1950)
02:38:36 Delay: 5
--------
02:38:41 Idle detection
02:38:41 Moved mouse to:  (981, 1951)
02:38:41 Delay: 6
--------
02:38:47 Idle detection
02:38:47 Moved mouse to:  (982, 1952)
02:38:47 Delay: 6
--------
02:38:53 Idle detection
02:38:53 Moved mouse to:  (983, 1953)
02:38:53 Delay: 8
--------
02:39:01 Idle detection
02:39:01 Moved mouse to:  (984, 1954)
02:39:01 Delay: 7
--------
02:39:08 Idle detection
02:39:08 Moved mouse to:  (985, 1955)
02:39:08 Delay: 5
--------
02:39:13 User activity detected
02:39:13 Delay: 5
--------
02:39:18 User activity detected
02:39:18 Delay: 4
--------
02:39:22 User activity detected
02:39:22 Delay: 8
--------
02:39:30 User activity detected
02:39:30 Delay: 9
--------
02:39:39 User activity detected
02:39:39 Delay: 9
--------
02:39:48 User activity detected
02:39:48 Delay: 7
--------
02:39:55 User activity detected
02:39:55 Delay: 10
--------
02:40:05 User activity detected
02:40:05 Delay: 4
--------
02:40:09 Idle detection
02:40:09 Moved mouse to:  (2892, 2442)
02:40:09 Delay: 10
--------
02:40:19 User activity detected
02:40:19 Delay: 10
--------
02:40:29 Idle detection
02:40:29 Moved mouse to:  (973, 1891)
02:40:29 Delay: 8
--------
02:40:37 Idle detection
02:40:37 Moved mouse to:  (974, 1892)
02:40:37 Delay: 9
--------
02:40:46 User activity detected
02:40:46 Delay: 9
--------
02:40:55 User activity detected
02:40:55 Delay: 4
--------
02:40:59 Idle detection
02:40:59 Moved mouse to:  (694, 1877)
02:40:59 Delay: 4
--------
02:41:03 Idle detection
02:41:03 Moved mouse to:  (695, 1878)
02:41:03 Delay: 4
--------
02:41:07 Idle detection
02:41:07 Moved mouse to:  (696, 1879)
02:41:07 Delay: 5
--------
02:41:12 Idle detection
02:41:12 Moved mouse to:  (697, 1880)
02:41:12 Delay: 7
--------
02:41:19 User activity detected
02:41:19 Delay: 4
--------
02:41:23 User activity detected
02:41:23 Delay: 9
--------
02:41:32 User activity detected
02:41:32 Delay: 5
--------
02:41:37 User activity detected
02:41:37 Delay: 10
--------
02:41:47 User activity detected
02:41:47 Delay: 9
--------
02:41:56 Idle detection
02:41:56 Moved mouse to:  (689, 1953)
02:41:56 Delay: 6
--------
02:42:02 Idle detection
02:42:02 Moved mouse to:  (690, 1954)
02:42:02 Delay: 9
--------
02:42:11 Idle detection
02:42:11 Moved mouse to:  (691, 1955)
02:42:11 Delay: 7
--------
02:42:18 Idle detection
02:42:18 Moved mouse to:  (692, 1956)
02:42:18 Delay: 9
--------
02:42:27 User activity detected
02:42:27 Delay: 7
--------
02:42:34 User activity detected
02:42:34 Delay: 4
--------
02:42:38 Idle detection
02:42:38 Moved mouse to:  (552, 1874)
02:42:38 Delay: 7
--------
02:42:45 Idle detection
02:42:45 Moved mouse to:  (553, 1875)
02:42:45 Delay: 9
--------
02:42:54 Idle detection
02:42:54 Moved mouse to:  (554, 1876)
02:42:54 Delay: 7
--------
02:43:01 Idle detection
02:43:01 Moved mouse to:  (555, 1877)
02:43:01 Delay: 9
--------
02:43:10 Idle detection
02:43:10 Moved mouse to:  (556, 1878)
02:43:10 Delay: 10
--------
02:43:20 Idle detection
02:43:20 Moved mouse to:  (557, 1879)
02:43:20 Delay: 5
--------
02:43:25 Idle detection
02:43:25 Moved mouse to:  (558, 1880)
02:43:25 Delay: 6
--------
02:43:31 Idle detection
02:43:31 Moved mouse to:  (559, 1881)
02:43:31 Delay: 6
--------
02:43:37 User activity detected
02:43:37 Delay: 6
--------
02:43:43 User activity detected
02:43:43 Delay: 7
--------
02:43:50 User activity detected
02:43:50 Delay: 8
--------
02:43:58 User activity detected
02:43:58 Delay: 9
--------
02:44:07 User activity detected
02:44:07 Delay: 6
--------
02:44:13 Idle detection
02:44:13 Moved mouse to:  (1140, 857)
02:44:13 Delay: 8
--------
02:44:21 User activity detected
02:44:21 Delay: 5
--------
02:44:26 Idle detection
02:44:26 Moved mouse to:  (921, 1856)
02:44:26 Delay: 9
--------
02:44:35 Idle detection
02:44:35 Moved mouse to:  (922, 1857)
02:44:35 Delay: 5
--------
02:44:40 User activity detected
02:44:40 Delay: 5
--------
02:44:45 User activity detected
02:44:45 Delay: 8
--------
02:44:53 User activity detected
02:44:53 Delay: 9
--------
02:45:02 User activity detected
02:45:02 Delay: 5
--------
02:45:07 Idle detection
02:45:07 Moved mouse to:  (1100, 827)
02:45:07 Delay: 4
--------
02:45:11 Idle detection
02:45:11 Moved mouse to:  (1101, 828)
02:45:11 Delay: 8
--------
02:45:19 Idle detection
02:45:19 Moved mouse to:  (1102, 829)
02:45:19 Delay: 8
--------
02:45:27 Idle detection
02:45:27 Moved mouse to:  (1103, 830)
02:45:27 Delay: 7
--------
02:45:34 Idle detection
02:45:34 Moved mouse to:  (1104, 831)
02:45:34 Delay: 4
--------
02:45:38 User activity detected
02:45:38 Delay: 8
--------
02:45:46 User activity detected
02:45:46 Delay: 4
--------
02:45:50 User activity detected
02:45:50 Delay: 8
--------
02:45:58 User activity detected
02:45:58 Delay: 7
--------
02:46:05 User activity detected
02:46:05 Delay: 5
--------
02:46:10 User activity detected
02:46:10 Delay: 5
--------
02:46:15 User activity detected
02:46:15 Delay: 6
--------
02:46:21 User activity detected
02:46:21 Delay: 8
--------
02:46:29 Idle detection
02:46:29 Moved mouse to:  (1057, 1973)
02:46:29 Delay: 9
--------
02:46:38 Idle detection
02:46:38 Moved mouse to:  (1058, 1974)
02:46:38 Delay: 6
--------
02:46:44 Idle detection
02:46:44 Moved mouse to:  (1059, 1975)
02:46:44 Delay: 7
--------
02:46:51 Idle detection
02:46:51 Moved mouse to:  (1060, 1976)
02:46:51 Delay: 10
--------
02:47:01 Idle detection
02:47:01 Moved mouse to:  (1061, 1977)
02:47:01 Delay: 7
--------
02:47:08 Idle detection
02:47:08 Moved mouse to:  (1062, 1978)
02:47:08 Delay: 6
--------
02:47:14 User activity detected
02:47:14 Delay: 8
--------
02:47:22 User activity detected
02:47:22 Delay: 6
--------
02:47:28 Idle detection
02:47:28 Moved mouse to:  (468, 2160)
02:47:28 Delay: 6
--------
02:47:34 Idle detection
02:47:34 Moved mouse to:  (469, 2161)
02:47:34 Delay: 10
--------
02:47:44 Idle detection
02:47:44 Moved mouse to:  (470, 2162)
02:47:44 Delay: 4
--------
02:47:48 Idle detection
02:47:48 Moved mouse to:  (471, 2163)
02:47:48 Delay: 4
--------
02:47:52 Idle detection
02:47:52 Moved mouse to:  (472, 2164)
02:47:52 Delay: 10
--------
02:48:02 Idle detection
02:48:02 Moved mouse to:  (473, 2165)
02:48:02 Delay: 10
--------
02:48:12 Idle detection
02:48:12 Moved mouse to:  (474, 2166)
02:48:12 Delay: 5
--------
02:48:17 User activity detected
02:48:17 Delay: 6
--------
02:48:23 User activity detected
02:48:23 Delay: 9
--------
02:48:32 Idle detection
02:48:32 Moved mouse to:  (549, 2181)
02:48:32 Delay: 6
--------
02:48:38 Idle detection
02:48:38 Moved mouse to:  (550, 2182)
02:48:38 Delay: 10
--------
02:48:48 Idle detection
02:48:48 Moved mouse to:  (551, 2183)
02:48:48 Delay: 4
--------
02:48:52 User activity detected
02:48:52 Delay: 8
--------
02:49:00 User activity detected
02:49:00 Delay: 8
--------
02:49:08 User activity detected
02:49:08 Delay: 7
--------
02:49:15 User activity detected
02:49:15 Delay: 9
--------
02:49:24 Idle detection
02:49:25 Moved mouse to:  (749, 2060)
02:49:25 Delay: 6
--------
02:49:31 Idle detection
02:49:31 Moved mouse to:  (750, 2061)
02:49:31 Delay: 5
--------
02:49:36 Idle detection
02:49:36 Moved mouse to:  (751, 2062)
02:49:36 Delay: 5
--------
02:49:41 Idle detection
02:49:41 Moved mouse to:  (752, 2063)
02:49:41 Delay: 7
--------
02:49:48 Idle detection
02:49:48 Moved mouse to:  (753, 2064)
02:49:48 Delay: 9
--------
02:49:57 Idle detection
02:49:57 Moved mouse to:  (754, 2065)
02:49:57 Delay: 5
--------
02:50:02 Idle detection
02:50:02 Moved mouse to:  (755, 2066)
02:50:02 Delay: 10
--------
02:50:12 Idle detection
02:50:12 Moved mouse to:  (756, 2067)
02:50:12 Delay: 10
--------
02:50:22 Idle detection
02:50:22 Moved mouse to:  (757, 2068)
02:50:22 Delay: 10
--------
02:50:32 User activity detected
02:50:32 Delay: 10
--------
02:50:42 User activity detected
02:50:42 Delay: 6
--------
02:50:48 User activity detected
02:50:48 Delay: 8
--------
02:50:56 User activity detected
02:50:56 Delay: 8
--------
02:51:04 User activity detected
02:51:04 Delay: 4
--------
02:51:08 Idle detection
02:51:08 Moved mouse to:  (1085, 1034)
02:51:08 Delay: 5
--------
02:51:13 Idle detection
02:51:13 Moved mouse to:  (1086, 1035)
02:51:13 Delay: 9
--------
02:51:22 Idle detection
02:51:22 Moved mouse to:  (1087, 1036)
02:51:22 Delay: 7
--------
02:51:29 Idle detection
02:51:29 Moved mouse to:  (1088, 1037)
02:51:29 Delay: 5
--------
02:51:34 Idle detection
02:51:34 Moved mouse to:  (1089, 1038)
02:51:34 Delay: 4
--------
02:51:38 Idle detection
02:51:38 Moved mouse to:  (1090, 1039)
02:51:38 Delay: 10
--------
02:51:48 Idle detection
02:51:48 Moved mouse to:  (1091, 1040)
02:51:48 Delay: 7
--------
02:51:55 Idle detection
02:51:55 Moved mouse to:  (1092, 1041)
02:51:55 Delay: 10
--------
02:52:05 Idle detection
02:52:05 Moved mouse to:  (1093, 1042)
02:52:05 Delay: 9
--------
02:52:14 Idle detection
02:52:14 Moved mouse to:  (1094, 1043)
02:52:14 Delay: 10
--------
02:52:24 Idle detection
02:52:24 Moved mouse to:  (1095, 1044)
02:52:24 Delay: 5
--------
02:52:29 Idle detection
02:52:29 Moved mouse to:  (1096, 1045)
02:52:29 Delay: 6
--------
02:52:35 Idle detection
02:52:35 Moved mouse to:  (1097, 1046)
02:52:35 Delay: 8
--------
02:52:43 Idle detection
02:52:43 Moved mouse to:  (1098, 1047)
02:52:43 Delay: 9
--------
02:52:52 Idle detection
02:52:52 Moved mouse to:  (1099, 1048)
02:52:52 Delay: 4
--------
02:52:56 Idle detection
02:52:56 Moved mouse to:  (1100, 1049)
02:52:56 Delay: 9
--------
02:53:05 User activity detected
02:53:05 Delay: 7
--------
02:53:12 Idle detection
02:53:12 Moved mouse to:  (1358, 1025)
02:53:12 Delay: 5
--------
02:53:17 Idle detection
02:53:17 Moved mouse to:  (1359, 1026)
02:53:17 Delay: 10
--------
02:53:27 Idle detection
02:53:27 Moved mouse to:  (1360, 1027)
02:53:27 Delay: 5
--------
02:53:32 Idle detection
02:53:32 Moved mouse to: 